2025-10-01 18:20:44,327 - backend - INFO - Starting DB initialization...
2025-10-01 18:20:44,358 - backend - INFO - DB initialization complete.
2025-10-01 18:20:44,442 - backend - INFO - Starting DB initialization...
2025-10-01 18:20:44,469 - backend - INFO - DB initialization complete.
2025-10-01 18:20:44,628 - backend - INFO - Starting DB initialization...
2025-10-01 18:20:44,652 - backend - INFO - DB initialization complete.
2025-10-01 18:21:19,004 - backend - INFO - Starting DB initialization...
2025-10-01 18:21:19,030 - backend - INFO - DB initialization complete.
2025-10-01 18:22:59,909 - backend - INFO - Starting DB initialization...
2025-10-01 18:22:59,959 - backend - INFO - DB initialization complete.
2025-10-01 18:23:01,986 - backend - INFO - Starting DB initialization...
2025-10-01 18:23:02,017 - backend - INFO - DB initialization complete.
2025-10-01 18:23:02,149 - backend - INFO - Starting DB initialization...
2025-10-01 18:23:02,176 - backend - INFO - DB initialization complete.
2025-10-01 18:23:24,551 - backend - INFO -  Kiswahili model loaded successfully.
2025-10-01 18:23:27,957 - backend - INFO -  Kiswahili model loaded successfully.
2025-10-01 18:23:28,024 - backend - INFO -  Kiswahili model loaded successfully.
2025-10-01 18:23:38,543 - backend - INFO - Starting DB initialization...
2025-10-01 18:23:38,576 - backend - INFO - DB initialization complete.
2025-10-01 18:23:42,635 - backend - INFO - Starting DB initialization...
2025-10-01 18:23:42,670 - backend - INFO - DB initialization complete.
2025-10-01 18:23:43,256 - backend - INFO - Starting DB initialization...
2025-10-01 18:23:43,271 - backend - INFO - Starting DB initialization...
2025-10-01 18:23:43,289 - backend - INFO - DB initialization complete.
2025-10-01 18:23:43,306 - backend - INFO - DB initialization complete.
2025-10-01 18:23:44,951 - backend - INFO - Luo model and tokenizer loaded successfully.
2025-10-01 18:23:47,987 - backend - INFO - Luo model and tokenizer loaded successfully.
2025-10-01 18:23:48,575 - backend - INFO - Luo model and tokenizer loaded successfully.
2025-10-01 18:23:48,683 - backend - INFO - Luo model and tokenizer loaded successfully.
2025-10-01 18:23:53,977 - backend - INFO -  Kiswahili model loaded successfully.
2025-10-01 18:23:58,028 - backend - INFO -  Kiswahili model loaded successfully.
2025-10-01 18:23:59,885 - backend - INFO -  Kiswahili model loaded successfully.
2025-10-01 18:24:00,199 - backend - INFO -  Kiswahili model loaded successfully.
2025-10-01 18:24:31,831 - backend - INFO - Starting DB initialization...
2025-10-01 18:24:31,840 - backend - INFO - DB initialization complete.
2025-10-01 18:24:35,656 - backend - INFO - Luo model and tokenizer loaded successfully.
2025-10-01 18:24:39,477 - backend - INFO -  Kiswahili model loaded successfully.
2025-10-01 18:24:53,443 - backend - INFO - Incoming request: GET http://127.0.0.1:8000/docs
2025-10-01 18:24:53,443 - backend - INFO - Completed request with status 200
2025-10-01 18:24:53,816 - backend - INFO - Incoming request: GET http://127.0.0.1:8000/openapi.json
2025-10-01 18:24:53,875 - backend - INFO - Completed request with status 200
2025-10-01 18:25:17,933 - backend - INFO - Incoming request: GET http://127.0.0.1:8000/translate/luo/Blood
2025-10-01 18:25:20,907 - backend - INFO - Completed request with status 200
2025-10-01 18:31:52,363 - backend - INFO - Starting database initialization...
2025-10-01 18:31:52,393 - backend - INFO - Database initialization complete.
2025-10-01 18:31:52,577 - backend - INFO - Starting database initialization...
2025-10-01 18:31:52,609 - backend - INFO - Database initialization complete.
2025-10-01 18:31:52,655 - backend - INFO - Starting database initialization...
2025-10-01 18:31:52,685 - backend - INFO - Database initialization complete.
2025-10-01 18:31:52,771 - backend - INFO - Starting database initialization...
2025-10-01 18:31:52,800 - backend - INFO - Database initialization complete.
2025-10-01 18:31:57,420 - backend - INFO - Luo model and tokenizer loaded successfully.
2025-10-01 18:31:57,420 - backend - INFO - Luo model and tokenizer loaded successfully.
2025-10-01 18:31:57,420 - backend - INFO - Luo model and tokenizer loaded successfully.
2025-10-01 18:31:57,433 - backend - INFO - Luo model and tokenizer loaded successfully.
2025-10-01 18:32:09,947 - backend - INFO - Kiswahili model loaded successfully.
2025-10-01 18:32:09,953 - backend - INFO - Kiswahili model loaded successfully.
2025-10-01 18:32:10,016 - backend - INFO - Kiswahili model loaded successfully.
2025-10-01 18:32:10,045 - backend - INFO - Kiswahili model loaded successfully.
2025-10-01 18:32:30,786 - backend - INFO - Incoming request: GET http://127.0.0.1:8000/docs
2025-10-01 18:32:30,786 - backend - INFO - Completed request with status 200
2025-10-01 18:32:31,077 - backend - INFO - Incoming request: GET http://127.0.0.1:8000/openapi.json
2025-10-01 18:32:31,128 - backend - INFO - Completed request with status 200
2025-10-01 18:34:43,462 - backend - INFO - Incoming request: GET http://127.0.0.1:8000/translate/luo/Good 
2025-10-01 18:34:47,381 - backend - INFO - Completed request with status 200
2025-10-01 18:40:22,090 - backend - INFO - Starting database initialization...
2025-10-01 18:40:22,135 - backend - INFO - Database initialization complete.
2025-10-01 18:40:23,775 - backend - INFO - Starting database initialization...
2025-10-01 18:40:23,813 - backend - INFO - Database initialization complete.
2025-10-01 18:40:23,953 - backend - INFO - Starting database initialization...
2025-10-01 18:40:23,981 - backend - INFO - Database initialization complete.
2025-10-01 18:40:24,329 - backend - INFO - Starting database initialization...
2025-10-01 18:40:24,368 - backend - INFO - Database initialization complete.
2025-10-01 18:40:28,134 - backend - INFO - Luo model and tokenizer loaded successfully.
2025-10-01 18:40:28,482 - backend - INFO - Luo model and tokenizer loaded successfully.
2025-10-01 18:40:28,698 - backend - INFO - Luo model and tokenizer loaded successfully.
2025-10-01 18:40:29,446 - backend - INFO - Luo model and tokenizer loaded successfully.
2025-10-01 18:40:40,548 - backend - INFO - Kiswahili model loaded successfully.
2025-10-01 18:40:40,558 - backend - INFO - Kiswahili model loaded successfully.
2025-10-01 18:40:41,062 - backend - INFO - Kiswahili model loaded successfully.
2025-10-01 18:40:41,556 - backend - INFO - Kiswahili model loaded successfully.
2025-10-01 18:40:54,177 - backend - INFO - Incoming request: GET http://127.0.0.1:8000/docs
2025-10-01 18:40:54,183 - backend - INFO - Completed request with status 200
2025-10-01 18:40:54,589 - backend - INFO - Incoming request: GET http://127.0.0.1:8000/openapi.json
2025-10-01 18:40:54,659 - backend - INFO - Completed request with status 200
2025-10-01 18:41:09,660 - backend - INFO - Incoming request: GET http://127.0.0.1:8000/translate/luo/medicine
2025-10-01 18:41:12,689 - backend - INFO - Luo translation successful: 'medicine' -> 'Yath'
2025-10-01 18:41:12,689 - backend - INFO - Completed request with status 200
2025-10-01 18:48:56,743 - backend - INFO - Starting database initialization...
2025-10-01 18:48:56,776 - backend - INFO - Database initialization complete.
2025-10-01 18:48:56,951 - backend - INFO - Starting database initialization...
2025-10-01 18:48:56,961 - backend - INFO - Starting database initialization...
2025-10-01 18:48:56,990 - backend - INFO - Database initialization complete.
2025-10-01 18:48:57,000 - backend - INFO - Database initialization complete.
2025-10-01 18:48:57,187 - backend - INFO - Starting database initialization...
2025-10-01 18:48:57,213 - backend - INFO - Database initialization complete.
2025-10-01 18:49:01,900 - backend - INFO - Luo model and tokenizer loaded successfully.
2025-10-01 18:49:01,900 - backend - INFO - Luo model and tokenizer loaded successfully.
2025-10-01 18:49:01,900 - backend - INFO - Luo model and tokenizer loaded successfully.
2025-10-01 18:49:01,938 - backend - INFO - Luo model and tokenizer loaded successfully.
2025-10-01 18:49:13,716 - backend - INFO - Kiswahili model loaded successfully.
2025-10-01 18:49:14,072 - backend - INFO - Kiswahili model loaded successfully.
2025-10-01 18:49:15,699 - backend - INFO - Kiswahili model loaded successfully.
2025-10-01 18:49:15,734 - backend - INFO - Kiswahili model loaded successfully.
2025-10-01 18:49:23,316 - backend - INFO - Incoming request: GET http://127.0.0.1:8000/docs
2025-10-01 18:49:23,320 - backend - INFO - Completed request with status 200
2025-10-01 18:49:23,726 - backend - INFO - Incoming request: GET http://127.0.0.1:8000/openapi.json
2025-10-01 18:49:23,788 - backend - INFO - Completed request with status 200
2025-10-01 18:49:41,249 - backend - INFO - Incoming request: POST http://127.0.0.1:8000/auth/login
2025-10-01 18:49:41,286 - auth - INFO - [LOGIN] Attempt for username: Chris
2025-10-01 18:49:41,374 - auth - INFO - [LOGIN] DB query done in 0.088s
2025-10-01 18:49:41,374 - auth - WARNING - [LOGIN] User not found.
2025-10-01 18:49:41,374 - auth - ERROR - [LOGIN] Login failed: 401: Invalid username or password
Traceback (most recent call last):
  File "C:\AIHealthTranslator\backend\app\routers\auth.py", line 92, in login
    raise HTTPException(status_code=401, detail="Invalid username or password")
fastapi.exceptions.HTTPException: 401: Invalid username or password
2025-10-01 18:49:41,383 - backend - INFO - Completed request with status 500
2025-10-01 18:51:48,409 - backend - INFO - Incoming request: OPTIONS http://127.0.0.1:8000/auth/signup
2025-10-01 18:51:48,410 - backend - INFO - Completed request with status 200
2025-10-01 18:51:48,416 - backend - INFO - Incoming request: POST http://127.0.0.1:8000/auth/signup
2025-10-01 18:51:48,429 - auth - INFO - [SIGNUP] Attempt for username: Chris
2025-10-01 18:51:48,490 - passlib.handlers.bcrypt - WARNING - (trapped) error reading bcrypt version
Traceback (most recent call last):
  File "C:\AIHealthTranslator\venv310\lib\site-packages\passlib\handlers\bcrypt.py", line 620, in _load_backend_mixin
    version = _bcrypt.__about__.__version__
AttributeError: module 'bcrypt' has no attribute '__about__'
2025-10-01 18:51:48,519 - auth - ERROR - [SIGNUP] Registration failed: password cannot be longer than 72 bytes, truncate manually if necessary (e.g. my_password[:72])
Traceback (most recent call last):
  File "C:\AIHealthTranslator\backend\app\routers\auth.py", line 70, in register
    hashed_password=get_password_hash(form.password),
  File "C:\AIHealthTranslator\backend\app\security.py", line 16, in get_password_hash
    return pwd_context.hash(password)
  File "C:\AIHealthTranslator\venv310\lib\site-packages\passlib\context.py", line 2258, in hash
    return record.hash(secret, **kwds)
  File "C:\AIHealthTranslator\venv310\lib\site-packages\passlib\utils\handlers.py", line 779, in hash
    self.checksum = self._calc_checksum(secret)
  File "C:\AIHealthTranslator\venv310\lib\site-packages\passlib\handlers\bcrypt.py", line 591, in _calc_checksum
    self._stub_requires_backend()
  File "C:\AIHealthTranslator\venv310\lib\site-packages\passlib\utils\handlers.py", line 2254, in _stub_requires_backend
    cls.set_backend()
  File "C:\AIHealthTranslator\venv310\lib\site-packages\passlib\utils\handlers.py", line 2156, in set_backend
    return owner.set_backend(name, dryrun=dryrun)
  File "C:\AIHealthTranslator\venv310\lib\site-packages\passlib\utils\handlers.py", line 2163, in set_backend
    return cls.set_backend(name, dryrun=dryrun)
  File "C:\AIHealthTranslator\venv310\lib\site-packages\passlib\utils\handlers.py", line 2188, in set_backend
    cls._set_backend(name, dryrun)
  File "C:\AIHealthTranslator\venv310\lib\site-packages\passlib\utils\handlers.py", line 2311, in _set_backend
    super(SubclassBackendMixin, cls)._set_backend(name, dryrun)
  File "C:\AIHealthTranslator\venv310\lib\site-packages\passlib\utils\handlers.py", line 2224, in _set_backend
    ok = loader(**kwds)
  File "C:\AIHealthTranslator\venv310\lib\site-packages\passlib\handlers\bcrypt.py", line 626, in _load_backend_mixin
    return mixin_cls._finalize_backend_mixin(name, dryrun)
  File "C:\AIHealthTranslator\venv310\lib\site-packages\passlib\handlers\bcrypt.py", line 421, in _finalize_backend_mixin
    if detect_wrap_bug(IDENT_2A):
  File "C:\AIHealthTranslator\venv310\lib\site-packages\passlib\handlers\bcrypt.py", line 380, in detect_wrap_bug
    if verify(secret, bug_hash):
  File "C:\AIHealthTranslator\venv310\lib\site-packages\passlib\utils\handlers.py", line 792, in verify
    return consteq(self._calc_checksum(secret), chk)
  File "C:\AIHealthTranslator\venv310\lib\site-packages\passlib\handlers\bcrypt.py", line 655, in _calc_checksum
    hash = _bcrypt.hashpw(secret, config)
ValueError: password cannot be longer than 72 bytes, truncate manually if necessary (e.g. my_password[:72])
2025-10-01 18:51:48,543 - backend - INFO - Completed request with status 500
2025-10-01 18:55:48,624 - backend - INFO - Starting database initialization...
2025-10-01 18:55:48,645 - backend - INFO - Database initialization complete.
2025-10-01 18:55:52,034 - backend - INFO - Luo model and tokenizer loaded successfully.
2025-10-01 18:55:55,748 - backend - INFO - Kiswahili model loaded successfully.
2025-10-01 18:56:06,137 - backend - INFO - Incoming request: GET http://127.0.0.1:8000/docs
2025-10-01 18:56:06,137 - backend - INFO - Completed request with status 200
2025-10-01 18:56:15,919 - backend - INFO - Starting database initialization...
2025-10-01 18:56:15,947 - backend - INFO - Database initialization complete.
2025-10-01 18:56:19,865 - backend - INFO - Luo model and tokenizer loaded successfully.
2025-10-01 18:56:24,965 - backend - INFO - Kiswahili model loaded successfully.
2025-10-01 18:56:25,016 - backend - INFO - Incoming request: GET http://127.0.0.1:8000/openapi.json
2025-10-01 18:56:25,050 - backend - INFO - Completed request with status 200
2025-10-01 18:56:53,650 - backend - INFO - Incoming request: POST http://127.0.0.1:8000/auth/signup
2025-10-01 18:56:53,650 - auth - INFO - [SIGNUP] Attempt for username: string
2025-10-01 18:56:53,669 - passlib.handlers.bcrypt - WARNING - (trapped) error reading bcrypt version
Traceback (most recent call last):
  File "C:\AIHealthTranslator\venv310\lib\site-packages\passlib\handlers\bcrypt.py", line 620, in _load_backend_mixin
    version = _bcrypt.__about__.__version__
AttributeError: module 'bcrypt' has no attribute '__about__'
2025-10-01 18:56:53,685 - auth - ERROR - [SIGNUP] Registration failed: password cannot be longer than 72 bytes, truncate manually if necessary (e.g. my_password[:72])
Traceback (most recent call last):
  File "C:\AIHealthTranslator\backend\app\routers\auth.py", line 71, in register
    hashed_password=get_password_hash(form.password),
  File "C:\AIHealthTranslator\backend\app\security.py", line 16, in get_password_hash
    return pwd_context.hash(password)
  File "C:\AIHealthTranslator\venv310\lib\site-packages\passlib\context.py", line 2258, in hash
    return record.hash(secret, **kwds)
  File "C:\AIHealthTranslator\venv310\lib\site-packages\passlib\utils\handlers.py", line 779, in hash
    self.checksum = self._calc_checksum(secret)
  File "C:\AIHealthTranslator\venv310\lib\site-packages\passlib\handlers\bcrypt.py", line 591, in _calc_checksum
    self._stub_requires_backend()
  File "C:\AIHealthTranslator\venv310\lib\site-packages\passlib\utils\handlers.py", line 2254, in _stub_requires_backend
    cls.set_backend()
  File "C:\AIHealthTranslator\venv310\lib\site-packages\passlib\utils\handlers.py", line 2156, in set_backend
    return owner.set_backend(name, dryrun=dryrun)
  File "C:\AIHealthTranslator\venv310\lib\site-packages\passlib\utils\handlers.py", line 2163, in set_backend
    return cls.set_backend(name, dryrun=dryrun)
  File "C:\AIHealthTranslator\venv310\lib\site-packages\passlib\utils\handlers.py", line 2188, in set_backend
    cls._set_backend(name, dryrun)
  File "C:\AIHealthTranslator\venv310\lib\site-packages\passlib\utils\handlers.py", line 2311, in _set_backend
    super(SubclassBackendMixin, cls)._set_backend(name, dryrun)
  File "C:\AIHealthTranslator\venv310\lib\site-packages\passlib\utils\handlers.py", line 2224, in _set_backend
    ok = loader(**kwds)
  File "C:\AIHealthTranslator\venv310\lib\site-packages\passlib\handlers\bcrypt.py", line 626, in _load_backend_mixin
    return mixin_cls._finalize_backend_mixin(name, dryrun)
  File "C:\AIHealthTranslator\venv310\lib\site-packages\passlib\handlers\bcrypt.py", line 421, in _finalize_backend_mixin
    if detect_wrap_bug(IDENT_2A):
  File "C:\AIHealthTranslator\venv310\lib\site-packages\passlib\handlers\bcrypt.py", line 380, in detect_wrap_bug
    if verify(secret, bug_hash):
  File "C:\AIHealthTranslator\venv310\lib\site-packages\passlib\utils\handlers.py", line 792, in verify
    return consteq(self._calc_checksum(secret), chk)
  File "C:\AIHealthTranslator\venv310\lib\site-packages\passlib\handlers\bcrypt.py", line 655, in _calc_checksum
    hash = _bcrypt.hashpw(secret, config)
ValueError: password cannot be longer than 72 bytes, truncate manually if necessary (e.g. my_password[:72])
2025-10-01 18:56:53,701 - backend - INFO - Completed request with status 500
2025-10-01 18:57:47,236 - backend - INFO - Starting database initialization...
2025-10-01 18:57:47,236 - backend - INFO - Starting database initialization...
2025-10-01 18:57:47,264 - backend - INFO - Database initialization complete.
2025-10-01 18:57:52,160 - backend - INFO - Luo model and tokenizer loaded successfully.
2025-10-01 18:57:52,182 - backend - INFO - Luo model and tokenizer loaded successfully.
2025-10-01 18:57:59,364 - backend - INFO - Kiswahili model loaded successfully.
2025-10-01 18:57:59,556 - backend - INFO - Kiswahili model loaded successfully.
2025-10-01 19:00:05,958 - backend - INFO - Starting database initialization...
2025-10-01 19:00:05,997 - backend - INFO - Database initialization complete.
2025-10-01 19:00:06,151 - backend - INFO - Starting database initialization...
2025-10-01 19:00:06,183 - backend - INFO - Database initialization complete.
2025-10-01 19:00:06,192 - backend - INFO - Starting database initialization...
2025-10-01 19:00:06,222 - backend - INFO - Database initialization complete.
2025-10-01 19:00:06,229 - backend - INFO - Starting database initialization...
2025-10-01 19:00:06,262 - backend - INFO - Database initialization complete.
2025-10-01 19:00:11,229 - backend - INFO - Luo model and tokenizer loaded successfully.
2025-10-01 19:00:11,230 - backend - INFO - Luo model and tokenizer loaded successfully.
2025-10-01 19:00:11,239 - backend - INFO - Luo model and tokenizer loaded successfully.
2025-10-01 19:00:11,261 - backend - INFO - Luo model and tokenizer loaded successfully.
2025-10-01 19:00:19,820 - backend - INFO - Kiswahili model loaded successfully.
2025-10-01 19:00:19,880 - backend - INFO - Kiswahili model loaded successfully.
2025-10-01 19:00:21,650 - backend - INFO - Kiswahili model loaded successfully.
2025-10-01 19:00:21,717 - backend - INFO - Kiswahili model loaded successfully.
2025-10-01 19:00:38,378 - backend - INFO - [REQUEST] Incoming: GET http://127.0.0.1:8000/docs
2025-10-01 19:00:38,378 - backend - INFO - [REQUEST] Completed with status 200
2025-10-01 19:00:38,799 - backend - INFO - [REQUEST] Incoming: GET http://127.0.0.1:8000/openapi.json
2025-10-01 19:00:38,868 - backend - INFO - [REQUEST] Completed with status 200
2025-10-01 19:00:51,523 - backend - INFO - [REQUEST] Incoming: POST http://127.0.0.1:8000/auth/signup
2025-10-01 19:00:51,539 - auth - INFO - [SIGNUP] Attempt for username: string
2025-10-01 19:00:51,618 - passlib.handlers.bcrypt - WARNING - (trapped) error reading bcrypt version
Traceback (most recent call last):
  File "C:\AIHealthTranslator\venv310\lib\site-packages\passlib\handlers\bcrypt.py", line 620, in _load_backend_mixin
    version = _bcrypt.__about__.__version__
AttributeError: module 'bcrypt' has no attribute '__about__'
2025-10-01 19:00:51,634 - auth - ERROR - [SIGNUP] Registration failed: password cannot be longer than 72 bytes, truncate manually if necessary (e.g. my_password[:72])
Traceback (most recent call last):
  File "C:\AIHealthTranslator\backend\app\routers\auth.py", line 71, in register
    hashed_password=get_password_hash(form.password),
  File "C:\AIHealthTranslator\backend\app\security.py", line 16, in get_password_hash
    return pwd_context.hash(password)
  File "C:\AIHealthTranslator\venv310\lib\site-packages\passlib\context.py", line 2258, in hash
    return record.hash(secret, **kwds)
  File "C:\AIHealthTranslator\venv310\lib\site-packages\passlib\utils\handlers.py", line 779, in hash
    self.checksum = self._calc_checksum(secret)
  File "C:\AIHealthTranslator\venv310\lib\site-packages\passlib\handlers\bcrypt.py", line 591, in _calc_checksum
    self._stub_requires_backend()
  File "C:\AIHealthTranslator\venv310\lib\site-packages\passlib\utils\handlers.py", line 2254, in _stub_requires_backend
    cls.set_backend()
  File "C:\AIHealthTranslator\venv310\lib\site-packages\passlib\utils\handlers.py", line 2156, in set_backend
    return owner.set_backend(name, dryrun=dryrun)
  File "C:\AIHealthTranslator\venv310\lib\site-packages\passlib\utils\handlers.py", line 2163, in set_backend
    return cls.set_backend(name, dryrun=dryrun)
  File "C:\AIHealthTranslator\venv310\lib\site-packages\passlib\utils\handlers.py", line 2188, in set_backend
    cls._set_backend(name, dryrun)
  File "C:\AIHealthTranslator\venv310\lib\site-packages\passlib\utils\handlers.py", line 2311, in _set_backend
    super(SubclassBackendMixin, cls)._set_backend(name, dryrun)
  File "C:\AIHealthTranslator\venv310\lib\site-packages\passlib\utils\handlers.py", line 2224, in _set_backend
    ok = loader(**kwds)
  File "C:\AIHealthTranslator\venv310\lib\site-packages\passlib\handlers\bcrypt.py", line 626, in _load_backend_mixin
    return mixin_cls._finalize_backend_mixin(name, dryrun)
  File "C:\AIHealthTranslator\venv310\lib\site-packages\passlib\handlers\bcrypt.py", line 421, in _finalize_backend_mixin
    if detect_wrap_bug(IDENT_2A):
  File "C:\AIHealthTranslator\venv310\lib\site-packages\passlib\handlers\bcrypt.py", line 380, in detect_wrap_bug
    if verify(secret, bug_hash):
  File "C:\AIHealthTranslator\venv310\lib\site-packages\passlib\utils\handlers.py", line 792, in verify
    return consteq(self._calc_checksum(secret), chk)
  File "C:\AIHealthTranslator\venv310\lib\site-packages\passlib\handlers\bcrypt.py", line 655, in _calc_checksum
    hash = _bcrypt.hashpw(secret, config)
ValueError: password cannot be longer than 72 bytes, truncate manually if necessary (e.g. my_password[:72])
2025-10-01 19:00:51,651 - backend - INFO - [REQUEST] Completed with status 500
2025-10-01 19:12:03,971 - backend - INFO - Starting database initialization...
2025-10-01 19:12:04,004 - backend - INFO - Database initialization complete.
2025-10-01 19:12:06,733 - backend - INFO - Starting database initialization...
2025-10-01 19:12:06,762 - backend - INFO - Database initialization complete.
2025-10-01 19:12:06,854 - backend - INFO - Starting database initialization...
2025-10-01 19:12:06,886 - backend - INFO - Database initialization complete.
2025-10-01 19:12:08,071 - backend - INFO - Starting database initialization...
2025-10-01 19:12:08,103 - backend - INFO - Database initialization complete.
2025-10-01 19:12:10,406 - backend - INFO - Luo model and tokenizer loaded successfully.
2025-10-01 19:12:13,552 - backend - INFO - Luo model and tokenizer loaded successfully.
2025-10-01 19:12:13,730 - backend - INFO - Luo model and tokenizer loaded successfully.
2025-10-01 19:12:16,047 - backend - INFO - Luo model and tokenizer loaded successfully.
2025-10-01 19:12:22,986 - backend - INFO - Kiswahili model loaded successfully.
2025-10-01 19:12:27,393 - backend - INFO - Kiswahili model loaded successfully.
2025-10-01 19:12:28,820 - backend - INFO - Kiswahili model loaded successfully.
2025-10-01 19:12:29,623 - backend - INFO - Kiswahili model loaded successfully.
2025-10-01 19:12:44,694 - backend - INFO - Starting database initialization...
2025-10-01 19:12:44,733 - backend - INFO - Database initialization complete.
2025-10-01 19:12:45,040 - backend - INFO - Starting database initialization...
2025-10-01 19:12:45,070 - backend - INFO - Database initialization complete.
2025-10-01 19:12:45,193 - backend - INFO - Starting database initialization...
2025-10-01 19:12:45,227 - backend - INFO - Database initialization complete.
2025-10-01 19:12:45,383 - backend - INFO - Starting database initialization...
2025-10-01 19:12:45,413 - backend - INFO - Database initialization complete.
2025-10-01 19:12:50,283 - backend - INFO - Luo model and tokenizer loaded successfully.
2025-10-01 19:12:50,283 - backend - INFO - Luo model and tokenizer loaded successfully.
2025-10-01 19:12:50,283 - backend - INFO - Luo model and tokenizer loaded successfully.
2025-10-01 19:12:50,357 - backend - INFO - Luo model and tokenizer loaded successfully.
2025-10-01 19:13:00,471 - backend - INFO - Kiswahili model loaded successfully.
2025-10-01 19:13:00,987 - backend - INFO - Kiswahili model loaded successfully.
2025-10-01 19:13:01,535 - backend - INFO - Kiswahili model loaded successfully.
2025-10-01 19:13:01,618 - backend - INFO - Kiswahili model loaded successfully.
2025-10-01 19:13:14,549 - backend - INFO - Starting database initialization...
2025-10-01 19:13:14,577 - backend - INFO - Database initialization complete.
2025-10-01 19:13:18,865 - backend - INFO - Luo model and tokenizer loaded successfully.
2025-10-01 19:13:22,838 - backend - INFO - Kiswahili model loaded successfully.
2025-10-01 19:13:32,552 - backend - INFO - [REQUEST] Incoming: GET http://127.0.0.1:8000/docs
2025-10-01 19:13:32,564 - backend - INFO - [REQUEST] Completed with status 200
2025-10-01 19:13:33,189 - backend - INFO - [REQUEST] Incoming: GET http://127.0.0.1:8000/openapi.json
2025-10-01 19:13:33,306 - backend - INFO - [REQUEST] Completed with status 200
2025-10-01 19:14:03,913 - backend - INFO - [REQUEST] Incoming: OPTIONS http://127.0.0.1:8000/auth/signup
2025-10-01 19:14:03,915 - backend - INFO - [REQUEST] Completed with status 200
2025-10-01 19:14:03,930 - backend - INFO - [REQUEST] Incoming: POST http://127.0.0.1:8000/auth/signup
2025-10-01 19:14:03,968 - auth - INFO - [SIGNUP] Attempt for username: Chris
2025-10-01 19:14:04,160 - passlib.handlers.bcrypt - WARNING - (trapped) error reading bcrypt version
Traceback (most recent call last):
  File "C:\AIHealthTranslator\venv310\lib\site-packages\passlib\handlers\bcrypt.py", line 620, in _load_backend_mixin
    version = _bcrypt.__about__.__version__
AttributeError: module 'bcrypt' has no attribute '__about__'
2025-10-01 19:14:04,184 - auth - ERROR - [SIGNUP] Registration failed: password cannot be longer than 72 bytes, truncate manually if necessary (e.g. my_password[:72])
Traceback (most recent call last):
  File "C:\AIHealthTranslator\backend\app\routers\auth.py", line 74, in register
    hashed_password=get_password_hash(truncated_password),
  File "C:\AIHealthTranslator\backend\app\security.py", line 16, in get_password_hash
    return pwd_context.hash(password)
  File "C:\AIHealthTranslator\venv310\lib\site-packages\passlib\context.py", line 2258, in hash
    return record.hash(secret, **kwds)
  File "C:\AIHealthTranslator\venv310\lib\site-packages\passlib\utils\handlers.py", line 779, in hash
    self.checksum = self._calc_checksum(secret)
  File "C:\AIHealthTranslator\venv310\lib\site-packages\passlib\handlers\bcrypt.py", line 591, in _calc_checksum
    self._stub_requires_backend()
  File "C:\AIHealthTranslator\venv310\lib\site-packages\passlib\utils\handlers.py", line 2254, in _stub_requires_backend
    cls.set_backend()
  File "C:\AIHealthTranslator\venv310\lib\site-packages\passlib\utils\handlers.py", line 2156, in set_backend
    return owner.set_backend(name, dryrun=dryrun)
  File "C:\AIHealthTranslator\venv310\lib\site-packages\passlib\utils\handlers.py", line 2163, in set_backend
    return cls.set_backend(name, dryrun=dryrun)
  File "C:\AIHealthTranslator\venv310\lib\site-packages\passlib\utils\handlers.py", line 2188, in set_backend
    cls._set_backend(name, dryrun)
  File "C:\AIHealthTranslator\venv310\lib\site-packages\passlib\utils\handlers.py", line 2311, in _set_backend
    super(SubclassBackendMixin, cls)._set_backend(name, dryrun)
  File "C:\AIHealthTranslator\venv310\lib\site-packages\passlib\utils\handlers.py", line 2224, in _set_backend
    ok = loader(**kwds)
  File "C:\AIHealthTranslator\venv310\lib\site-packages\passlib\handlers\bcrypt.py", line 626, in _load_backend_mixin
    return mixin_cls._finalize_backend_mixin(name, dryrun)
  File "C:\AIHealthTranslator\venv310\lib\site-packages\passlib\handlers\bcrypt.py", line 421, in _finalize_backend_mixin
    if detect_wrap_bug(IDENT_2A):
  File "C:\AIHealthTranslator\venv310\lib\site-packages\passlib\handlers\bcrypt.py", line 380, in detect_wrap_bug
    if verify(secret, bug_hash):
  File "C:\AIHealthTranslator\venv310\lib\site-packages\passlib\utils\handlers.py", line 792, in verify
    return consteq(self._calc_checksum(secret), chk)
  File "C:\AIHealthTranslator\venv310\lib\site-packages\passlib\handlers\bcrypt.py", line 655, in _calc_checksum
    hash = _bcrypt.hashpw(secret, config)
ValueError: password cannot be longer than 72 bytes, truncate manually if necessary (e.g. my_password[:72])
2025-10-01 19:14:04,216 - backend - INFO - [REQUEST] Completed with status 500
2025-10-01 19:18:07,330 - backend - INFO - Starting database initialization...
2025-10-01 19:18:07,367 - backend - INFO - Database initialization complete.
2025-10-01 19:18:07,474 - backend - INFO - Starting database initialization...
2025-10-01 19:18:07,493 - backend - INFO - Starting database initialization...
2025-10-01 19:18:07,501 - backend - INFO - Database initialization complete.
2025-10-01 19:18:07,535 - backend - INFO - Database initialization complete.
2025-10-01 19:18:07,645 - backend - INFO - Starting database initialization...
2025-10-01 19:18:07,672 - backend - INFO - Database initialization complete.
2025-10-01 19:18:14,441 - backend - INFO - Luo model and tokenizer loaded successfully.
2025-10-01 19:18:14,442 - backend - INFO - Luo model and tokenizer loaded successfully.
2025-10-01 19:18:14,443 - backend - INFO - Luo model and tokenizer loaded successfully.
2025-10-01 19:18:14,442 - backend - INFO - Luo model and tokenizer loaded successfully.
2025-10-01 19:18:25,499 - backend - INFO - Kiswahili model loaded successfully.
2025-10-01 19:18:25,871 - backend - INFO - Kiswahili model loaded successfully.
2025-10-01 19:18:27,274 - backend - INFO - Kiswahili model loaded successfully.
2025-10-01 19:18:27,331 - backend - INFO - Kiswahili model loaded successfully.
2025-10-01 19:18:47,790 - backend - INFO - Starting database initialization...
2025-10-01 19:18:47,814 - backend - INFO - Database initialization complete.
2025-10-01 19:18:51,164 - backend - INFO - Luo model and tokenizer loaded successfully.
2025-10-01 19:18:55,069 - backend - INFO - Kiswahili model loaded successfully.
2025-10-01 19:19:04,406 - backend - INFO - [REQUEST] Incoming: GET http://127.0.0.1:8000/docs
2025-10-01 19:19:04,427 - backend - INFO - [REQUEST] Completed with status 200
2025-10-01 19:19:04,875 - backend - INFO - [REQUEST] Incoming: GET http://127.0.0.1:8000/openapi.json
2025-10-01 19:19:04,986 - backend - INFO - [REQUEST] Completed with status 200
2025-10-01 19:19:11,691 - backend - INFO - [REQUEST] Incoming: POST http://127.0.0.1:8000/auth/signup
2025-10-01 19:19:11,739 - auth - INFO - [SIGNUP] Attempt for username: Chris
2025-10-01 19:19:14,006 - auth - INFO - [SIGNUP] User successfully registered: Chris
2025-10-01 19:19:14,021 - backend - INFO - [REQUEST] Completed with status 200
2025-10-01 19:19:21,257 - backend - INFO - [REQUEST] Incoming: POST http://127.0.0.1:8000/auth/login
2025-10-01 19:19:21,263 - auth - INFO - [LOGIN] Attempt for username: Chris
2025-10-01 19:19:21,283 - auth - INFO - [LOGIN] DB query done in 0.020s
2025-10-01 19:19:21,641 - auth - INFO - [LOGIN] Password verified in 0.358s
2025-10-01 19:19:21,665 - auth - INFO - [LOGIN] Token created in 0.009s
2025-10-01 19:19:21,666 - auth - INFO - [LOGIN] Total login time: 0.404s
2025-10-01 19:19:21,669 - backend - INFO - [REQUEST] Completed with status 200
2025-10-01 19:19:27,549 - backend - INFO - [REQUEST] Incoming: OPTIONS http://127.0.0.1:8000/auth/me
2025-10-01 19:19:27,553 - backend - INFO - [REQUEST] Completed with status 200
2025-10-01 19:19:27,558 - backend - INFO - [REQUEST] Incoming: GET http://127.0.0.1:8000/auth/me
2025-10-01 19:19:27,573 - auth - INFO - [ME] Current user fetched: Chris
2025-10-01 19:19:27,578 - backend - INFO - [REQUEST] Completed with status 200
2025-10-02 05:36:01,936 - backend - INFO - [REQUEST] Incoming: POST http://127.0.0.1:8000/auth/login
2025-10-02 05:36:02,034 - auth - INFO - [LOGIN] Attempt for username: Chris
2025-10-02 05:36:02,085 - auth - INFO - [LOGIN] DB query done in 0.051s
2025-10-02 05:36:02,427 - auth - INFO - [LOGIN] Password verified in 0.342s
2025-10-02 05:36:02,433 - auth - INFO - [LOGIN] Token created in 0.006s
2025-10-02 05:36:02,433 - auth - INFO - [LOGIN] Total login time: 0.399s
2025-10-02 05:36:02,439 - backend - INFO - [REQUEST] Completed with status 200
2025-10-02 05:36:05,615 - backend - INFO - [REQUEST] Incoming: OPTIONS http://127.0.0.1:8000/auth/me
2025-10-02 05:36:05,615 - backend - INFO - [REQUEST] Completed with status 200
2025-10-02 05:36:05,621 - backend - INFO - [REQUEST] Incoming: GET http://127.0.0.1:8000/auth/me
2025-10-02 05:36:05,637 - auth - INFO - [ME] Current user fetched: Chris
2025-10-02 05:36:05,647 - backend - INFO - [REQUEST] Completed with status 200
2025-10-02 05:42:07,054 - backend - INFO - [REQUEST] Incoming: GET http://127.0.0.1:8000/auth/me
2025-10-02 05:42:07,063 - auth - INFO - [ME] Current user fetched: Chris
2025-10-02 05:42:07,066 - backend - INFO - [REQUEST] Completed with status 200
2025-10-02 05:44:48,813 - backend - INFO - [REQUEST] Incoming: GET http://127.0.0.1:8000/auth/me
2025-10-02 05:44:48,820 - auth - INFO - [ME] Current user fetched: Chris
2025-10-02 05:44:48,824 - backend - INFO - [REQUEST] Completed with status 200
2025-10-02 05:44:52,774 - backend - INFO - [REQUEST] Incoming: POST http://127.0.0.1:8000/auth/login
2025-10-02 05:44:52,795 - auth - INFO - [LOGIN] Attempt for username: Chris
2025-10-02 05:44:52,798 - auth - INFO - [LOGIN] DB query done in 0.003s
2025-10-02 05:44:53,148 - auth - INFO - [LOGIN] Password verified in 0.351s
2025-10-02 05:44:53,150 - auth - INFO - [LOGIN] Token created in 0.001s
2025-10-02 05:44:53,150 - auth - INFO - [LOGIN] Total login time: 0.355s
2025-10-02 05:44:53,151 - backend - INFO - [REQUEST] Completed with status 200
2025-10-02 05:44:54,012 - backend - INFO - [REQUEST] Incoming: GET http://127.0.0.1:8000/auth/me
2025-10-02 05:44:54,019 - auth - INFO - [ME] Current user fetched: Chris
2025-10-02 05:44:54,028 - backend - INFO - [REQUEST] Completed with status 200
2025-10-02 05:52:32,560 - backend - INFO - [REQUEST] Incoming: OPTIONS http://127.0.0.1:8000/auth/me
2025-10-02 05:52:32,561 - backend - INFO - [REQUEST] Completed with status 200
2025-10-02 05:52:32,566 - backend - INFO - [REQUEST] Incoming: GET http://127.0.0.1:8000/auth/me
2025-10-02 05:52:32,575 - auth - INFO - [ME] Current user fetched: Chris
2025-10-02 05:52:32,578 - backend - INFO - [REQUEST] Completed with status 200
2025-10-02 05:55:32,987 - backend - INFO - [REQUEST] Incoming: POST http://127.0.0.1:8000/auth/login
2025-10-02 05:55:33,010 - auth - INFO - [LOGIN] Attempt for username: Chris
2025-10-02 05:55:33,018 - auth - INFO - [LOGIN] DB query done in 0.008s
2025-10-02 05:55:33,379 - auth - INFO - [LOGIN] Password verified in 0.359s
2025-10-02 05:55:33,379 - auth - INFO - [LOGIN] Token created in 0.000s
2025-10-02 05:55:33,379 - auth - INFO - [LOGIN] Total login time: 0.368s
2025-10-02 05:55:33,379 - backend - INFO - [REQUEST] Completed with status 200
2025-10-02 05:55:35,104 - backend - INFO - [REQUEST] Incoming: GET http://127.0.0.1:8000/auth/me
2025-10-02 05:55:35,110 - auth - INFO - [ME] Current user fetched: Chris
2025-10-02 05:55:35,118 - backend - INFO - [REQUEST] Completed with status 200
2025-10-02 06:05:04,050 - backend - INFO - [REQUEST] Incoming: OPTIONS http://127.0.0.1:8000/auth/me
2025-10-02 06:05:04,054 - backend - INFO - [REQUEST] Completed with status 200
2025-10-02 06:05:04,060 - backend - INFO - [REQUEST] Incoming: GET http://127.0.0.1:8000/auth/me
2025-10-02 06:05:04,075 - auth - INFO - [ME] Current user fetched: Chris
2025-10-02 06:05:04,079 - backend - INFO - [REQUEST] Completed with status 200
2025-10-02 06:05:10,275 - backend - INFO - [REQUEST] Incoming: POST http://127.0.0.1:8000/auth/login
2025-10-02 06:05:10,297 - auth - INFO - [LOGIN] Attempt for username: Chris
2025-10-02 06:05:10,301 - auth - INFO - [LOGIN] DB query done in 0.005s
2025-10-02 06:05:10,647 - auth - INFO - [LOGIN] Password verified in 0.342s
2025-10-02 06:05:10,647 - auth - INFO - [LOGIN] Token created in 0.000s
2025-10-02 06:05:10,647 - auth - INFO - [LOGIN] Total login time: 0.350s
2025-10-02 06:05:10,662 - backend - INFO - [REQUEST] Completed with status 200
2025-10-02 06:05:11,593 - backend - INFO - [REQUEST] Incoming: GET http://127.0.0.1:8000/auth/me
2025-10-02 06:05:11,608 - auth - INFO - [ME] Current user fetched: Chris
2025-10-02 06:05:11,615 - backend - INFO - [REQUEST] Completed with status 200
2025-10-02 06:05:53,897 - backend - INFO - [REQUEST] Incoming: GET http://127.0.0.1:8000/auth/me
2025-10-02 06:05:53,905 - auth - INFO - [ME] Current user fetched: Chris
2025-10-02 06:05:53,911 - backend - INFO - [REQUEST] Completed with status 200
2025-10-02 06:06:00,779 - backend - INFO - [REQUEST] Incoming: GET http://127.0.0.1:8000/auth/me
2025-10-02 06:06:00,794 - auth - INFO - [ME] Current user fetched: Chris
2025-10-02 06:06:00,800 - backend - INFO - [REQUEST] Completed with status 200
2025-10-02 06:06:08,179 - backend - INFO - [REQUEST] Incoming: GET http://127.0.0.1:8000/auth/me
2025-10-02 06:06:08,195 - auth - INFO - [ME] Current user fetched: Chris
2025-10-02 06:06:08,199 - backend - INFO - [REQUEST] Completed with status 200
2025-10-02 06:06:12,147 - backend - INFO - [REQUEST] Incoming: POST http://127.0.0.1:8000/auth/login
2025-10-02 06:06:12,163 - auth - INFO - [LOGIN] Attempt for username: Chris
2025-10-02 06:06:12,166 - auth - INFO - [LOGIN] DB query done in 0.002s
2025-10-02 06:06:12,504 - auth - INFO - [LOGIN] Password verified in 0.338s
2025-10-02 06:06:12,504 - auth - INFO - [LOGIN] Token created in 0.000s
2025-10-02 06:06:12,504 - auth - INFO - [LOGIN] Total login time: 0.341s
2025-10-02 06:06:12,504 - backend - INFO - [REQUEST] Completed with status 200
2025-10-02 06:06:13,492 - backend - INFO - [REQUEST] Incoming: GET http://127.0.0.1:8000/auth/me
2025-10-02 06:06:13,499 - auth - INFO - [ME] Current user fetched: Chris
2025-10-02 06:06:13,507 - backend - INFO - [REQUEST] Completed with status 200
2025-10-02 06:11:42,870 - backend - INFO - [REQUEST] Incoming: GET http://127.0.0.1:8000/auth/me
2025-10-02 06:11:42,878 - auth - INFO - [ME] Current user fetched: Chris
2025-10-02 06:11:42,887 - backend - INFO - [REQUEST] Completed with status 200
2025-10-02 06:12:02,088 - backend - INFO - [REQUEST] Incoming: GET http://127.0.0.1:8000/auth/me
2025-10-02 06:12:02,098 - auth - INFO - [ME] Current user fetched: Chris
2025-10-02 06:12:02,103 - backend - INFO - [REQUEST] Completed with status 200
2025-10-02 06:12:06,170 - backend - INFO - [REQUEST] Incoming: GET http://127.0.0.1:8000/auth/me
2025-10-02 06:12:06,188 - auth - INFO - [ME] Current user fetched: Chris
2025-10-02 06:12:06,196 - backend - INFO - [REQUEST] Completed with status 200
2025-10-02 06:12:15,778 - backend - INFO - [REQUEST] Incoming: GET http://127.0.0.1:8000/auth/me
2025-10-02 06:12:15,792 - auth - INFO - [ME] Current user fetched: Chris
2025-10-02 06:12:15,797 - backend - INFO - [REQUEST] Completed with status 200
2025-10-02 06:12:30,975 - backend - INFO - [REQUEST] Incoming: OPTIONS http://127.0.0.1:8000/translate/luo/Fever
2025-10-02 06:12:30,978 - backend - INFO - [REQUEST] Completed with status 200
2025-10-02 06:12:30,987 - backend - INFO - [REQUEST] Incoming: GET http://127.0.0.1:8000/translate/luo/Fever
2025-10-02 06:12:35,874 - backend - INFO - [TRANSLATION] Luo: 'Fever' -> 'Tuon wuok'
2025-10-02 06:12:35,875 - backend - INFO - [REQUEST] Completed with status 200
2025-10-02 06:12:44,894 - backend - INFO - [REQUEST] Incoming: GET http://127.0.0.1:8000/auth/me
2025-10-02 06:12:44,909 - auth - INFO - [ME] Current user fetched: Chris
2025-10-02 06:12:44,913 - backend - INFO - [REQUEST] Completed with status 200
2025-10-02 06:19:06,107 - backend - INFO - [REQUEST] Incoming: OPTIONS http://127.0.0.1:8000/auth/me
2025-10-02 06:19:06,116 - backend - INFO - [REQUEST] Completed with status 200
2025-10-02 06:19:06,125 - backend - INFO - [REQUEST] Incoming: GET http://127.0.0.1:8000/auth/me
2025-10-02 06:19:06,138 - auth - INFO - [ME] Current user fetched: Chris
2025-10-02 06:19:06,147 - backend - INFO - [REQUEST] Completed with status 200
2025-10-02 06:21:33,216 - backend - INFO - [REQUEST] Incoming: GET http://127.0.0.1:8000/auth/me
2025-10-02 06:21:33,219 - auth - INFO - [ME] Current user fetched: Chris
2025-10-02 06:21:33,226 - backend - INFO - [REQUEST] Completed with status 200
2025-10-02 06:22:11,172 - backend - INFO - [REQUEST] Incoming: OPTIONS http://127.0.0.1:8000/dictionary/fever
2025-10-02 06:22:11,183 - backend - INFO - [REQUEST] Completed with status 200
2025-10-02 06:22:11,190 - backend - INFO - [REQUEST] Incoming: GET http://127.0.0.1:8000/dictionary/fever
2025-10-02 06:22:11,194 - dictionary - INFO - Trying AI translation for: fever
2025-10-02 06:22:11,256 - dictionary - WARNING - AI translation failed: module 'app.routers.dictionary' has no attribute 'get_word_translation'
2025-10-02 06:22:11,256 - dictionary - INFO - Falling back to dictionary DB
2025-10-02 06:22:11,264 - backend - INFO - [REQUEST] Completed with status 200
2025-10-02 06:22:25,252 - backend - INFO - [REQUEST] Incoming: GET http://127.0.0.1:8000/auth/me
2025-10-02 06:22:25,291 - auth - INFO - [ME] Current user fetched: Chris
2025-10-02 06:22:25,294 - backend - INFO - [REQUEST] Completed with status 200
2025-10-02 06:22:51,930 - backend - INFO - [REQUEST] Incoming: OPTIONS http://127.0.0.1:8000/translate/luo/Medicine
2025-10-02 06:22:51,932 - backend - INFO - [REQUEST] Completed with status 200
2025-10-02 06:22:51,932 - backend - INFO - [REQUEST] Incoming: GET http://127.0.0.1:8000/translate/luo/Medicine
2025-10-02 06:22:52,628 - backend - INFO - [TRANSLATION] Luo: 'Medicine' -> 'Yath'
2025-10-02 06:22:52,628 - backend - INFO - [REQUEST] Completed with status 200
2025-10-02 06:26:24,874 - backend - INFO - [REQUEST] Incoming: OPTIONS http://127.0.0.1:8000/translate/luo/Blood
2025-10-02 06:26:24,883 - backend - INFO - [REQUEST] Completed with status 200
2025-10-02 06:26:24,907 - backend - INFO - [REQUEST] Incoming: GET http://127.0.0.1:8000/translate/luo/Blood
2025-10-02 06:26:25,336 - backend - INFO - [TRANSLATION] Luo: 'Blood' -> 'Damu'
2025-10-02 06:26:25,337 - backend - INFO - [REQUEST] Completed with status 200
2025-10-02 07:03:51,001 - backend - INFO - [REQUEST] Incoming: OPTIONS http://127.0.0.1:8000/auth/me
2025-10-02 07:03:51,004 - backend - INFO - [REQUEST] Completed with status 200
2025-10-02 07:03:51,008 - backend - INFO - [REQUEST] Incoming: GET http://127.0.0.1:8000/auth/me
2025-10-02 07:03:51,056 - auth - INFO - [ME] Current user fetched: Chris
2025-10-02 07:03:51,063 - backend - INFO - [REQUEST] Completed with status 200
2025-10-02 07:05:27,901 - backend - INFO - [REQUEST] Incoming: POST http://127.0.0.1:8000/auth/login
2025-10-02 07:05:27,938 - auth - INFO - [LOGIN] Attempt for username: Chris
2025-10-02 07:05:27,940 - auth - INFO - [LOGIN] DB query done in 0.002s
2025-10-02 07:05:28,298 - auth - INFO - [LOGIN] Password verified in 0.358s
2025-10-02 07:05:28,302 - auth - INFO - [LOGIN] Token created in 0.003s
2025-10-02 07:05:28,302 - auth - INFO - [LOGIN] Total login time: 0.365s
2025-10-02 07:05:28,307 - backend - INFO - [REQUEST] Completed with status 200
2025-10-02 07:05:29,476 - backend - INFO - [REQUEST] Incoming: GET http://127.0.0.1:8000/auth/me
2025-10-02 07:05:29,482 - auth - INFO - [ME] Current user fetched: Chris
2025-10-02 07:05:29,494 - backend - INFO - [REQUEST] Completed with status 200
2025-10-02 07:05:47,068 - backend - INFO - [REQUEST] Incoming: OPTIONS http://127.0.0.1:8000/translate/luo/medicine
2025-10-02 07:05:47,071 - backend - INFO - [REQUEST] Completed with status 200
2025-10-02 07:05:47,078 - backend - INFO - [REQUEST] Incoming: GET http://127.0.0.1:8000/translate/luo/medicine
2025-10-02 07:05:47,694 - backend - INFO - [TRANSLATION] Luo: 'medicine' -> 'Yath'
2025-10-02 07:05:47,695 - backend - INFO - [REQUEST] Completed with status 200
2025-10-02 07:08:59,809 - backend - INFO - [REQUEST] Incoming: GET http://127.0.0.1:8000/auth/me
2025-10-02 07:08:59,827 - auth - INFO - [ME] Current user fetched: Chris
2025-10-02 07:08:59,830 - backend - INFO - [REQUEST] Completed with status 200
2025-10-02 07:12:04,726 - backend - INFO - [REQUEST] Incoming: POST http://127.0.0.1:8000/auth/login
2025-10-02 07:12:04,736 - auth - INFO - [LOGIN] Attempt for username: Chris
2025-10-02 07:12:04,740 - auth - INFO - [LOGIN] DB query done in 0.005s
2025-10-02 07:12:05,055 - auth - INFO - [LOGIN] Password verified in 0.314s
2025-10-02 07:12:05,055 - auth - INFO - [LOGIN] Token created in 0.000s
2025-10-02 07:12:05,055 - auth - INFO - [LOGIN] Total login time: 0.319s
2025-10-02 07:12:05,061 - backend - INFO - [REQUEST] Completed with status 200
2025-10-02 07:12:05,982 - backend - INFO - [REQUEST] Incoming: GET http://127.0.0.1:8000/auth/me
2025-10-02 07:12:05,993 - auth - INFO - [ME] Current user fetched: Chris
2025-10-02 07:12:05,996 - backend - INFO - [REQUEST] Completed with status 200
2025-10-02 08:26:59,398 - backend - INFO - [REQUEST] Incoming: OPTIONS http://127.0.0.1:8000/auth/me
2025-10-02 08:26:59,399 - backend - INFO - [REQUEST] Completed with status 200
2025-10-02 08:26:59,404 - backend - INFO - [REQUEST] Incoming: GET http://127.0.0.1:8000/auth/me
2025-10-02 08:26:59,424 - auth - INFO - [ME] Current user fetched: Chris
2025-10-02 08:26:59,430 - backend - INFO - [REQUEST] Completed with status 200
2025-10-02 10:10:24,452 - backend - INFO - [REQUEST] Incoming: OPTIONS http://127.0.0.1:8000/auth/signup
2025-10-02 10:10:24,478 - backend - INFO - [REQUEST] Completed with status 400
2025-10-02 10:10:51,583 - backend - INFO - [REQUEST] Incoming: POST http://127.0.0.1:8000/auth/login
2025-10-02 10:10:51,652 - auth - INFO - [LOGIN] Attempt for username: Chris
2025-10-02 10:10:51,681 - auth - INFO - [LOGIN] DB query done in 0.029s
2025-10-02 10:10:52,030 - auth - WARNING - [LOGIN] Password verification failed in 0.346s
2025-10-02 10:10:52,032 - auth - ERROR - [LOGIN] Login failed: 401: Invalid username or password
Traceback (most recent call last):
  File "C:\AIHealthTranslator\backend\app\routers\auth.py", line 103, in login
    raise HTTPException(status_code=401, detail="Invalid username or password")
fastapi.exceptions.HTTPException: 401: Invalid username or password
2025-10-02 10:10:52,232 - backend - INFO - [REQUEST] Completed with status 500
2025-10-02 10:31:29,515 - backend - INFO - [REQUEST] Incoming: GET https://chronogrammatic-handwritten-kendra.ngrok-free.dev/docs
2025-10-02 10:31:29,566 - backend - INFO - [REQUEST] Completed with status 200
2025-10-02 10:31:30,054 - backend - INFO - [REQUEST] Incoming: GET https://chronogrammatic-handwritten-kendra.ngrok-free.dev/openapi.json
2025-10-02 10:31:30,088 - backend - INFO - [REQUEST] Completed with status 200
2025-10-02 10:31:33,776 - backend - INFO - [REQUEST] Incoming: GET https://chronogrammatic-handwritten-kendra.ngrok-free.dev/docs
2025-10-02 10:31:33,781 - backend - INFO - [REQUEST] Completed with status 200
2025-10-02 10:31:34,357 - backend - INFO - [REQUEST] Incoming: GET https://chronogrammatic-handwritten-kendra.ngrok-free.dev/docs
2025-10-02 10:31:34,363 - backend - INFO - [REQUEST] Completed with status 200
2025-10-02 10:31:34,379 - backend - INFO - [REQUEST] Incoming: GET https://chronogrammatic-handwritten-kendra.ngrok-free.dev/docs
2025-10-02 10:31:34,386 - backend - INFO - [REQUEST] Completed with status 200
2025-10-02 10:31:35,156 - backend - INFO - [REQUEST] Incoming: GET https://chronogrammatic-handwritten-kendra.ngrok-free.dev/openapi.json
2025-10-02 10:31:35,164 - backend - INFO - [REQUEST] Completed with status 200
2025-10-02 10:39:05,630 - backend - INFO - [REQUEST] Incoming: OPTIONS http://127.0.0.1:8000/auth/me
2025-10-02 10:39:05,644 - backend - INFO - [REQUEST] Completed with status 200
2025-10-02 10:39:05,652 - backend - INFO - [REQUEST] Incoming: GET http://127.0.0.1:8000/auth/me
2025-10-02 10:39:05,863 - auth - INFO - [ME] Current user fetched: Chris
2025-10-02 10:39:05,897 - backend - INFO - [REQUEST] Completed with status 200
2025-10-02 10:39:21,145 - backend - INFO - [REQUEST] Incoming: OPTIONS http://127.0.0.1:8000/translate/sw/Blood
2025-10-02 10:39:21,152 - backend - INFO - [REQUEST] Completed with status 200
2025-10-02 10:39:21,170 - backend - INFO - [REQUEST] Incoming: GET http://127.0.0.1:8000/translate/sw/Blood
2025-10-02 10:39:26,030 - backend - INFO - [TRANSLATION] Kiswahili: 'Blood' -> 'Damu'
2025-10-02 10:39:26,033 - backend - INFO - [REQUEST] Completed with status 200
2025-10-02 10:39:32,502 - backend - INFO - [REQUEST] Incoming: OPTIONS http://127.0.0.1:8000/translate/luo/Blood
2025-10-02 10:39:32,507 - backend - INFO - [REQUEST] Completed with status 200
2025-10-02 10:39:32,527 - backend - INFO - [REQUEST] Incoming: GET http://127.0.0.1:8000/translate/luo/Blood
2025-10-02 10:39:34,520 - backend - INFO - [TRANSLATION] Luo: 'Blood' -> 'Damu'
2025-10-02 10:39:34,533 - backend - INFO - [REQUEST] Completed with status 200
2025-10-02 10:44:39,576 - backend - INFO - [REQUEST] Incoming: OPTIONS https://chronogrammatic-handwritten-kendra.ngrok-free.dev/auth/signup
2025-10-02 10:44:39,576 - backend - INFO - [REQUEST] Completed with status 400
2025-10-02 10:53:06,339 - backend - INFO - [REQUEST] Incoming: OPTIONS https://chronogrammatic-handwritten-kendra.ngrok-free.dev/auth/signup
2025-10-02 10:53:06,346 - backend - INFO - [REQUEST] Completed with status 400
2025-10-02 11:23:28,583 - backend - INFO - [REQUEST] Incoming: GET http://127.0.0.1:8000/docs
2025-10-02 11:23:28,630 - backend - INFO - [REQUEST] Completed with status 200
2025-10-02 11:23:28,977 - backend - INFO - [REQUEST] Incoming: GET http://127.0.0.1:8000/openapi.json
2025-10-02 11:23:29,002 - backend - INFO - [REQUEST] Completed with status 200
2025-10-02 11:23:52,839 - backend - INFO - [REQUEST] Incoming: GET https://chronogrammatic-handwritten-kendra.ngrok-free.dev/docs
2025-10-02 11:23:52,841 - backend - INFO - [REQUEST] Completed with status 200
2025-10-02 11:23:53,418 - backend - INFO - [REQUEST] Incoming: GET https://chronogrammatic-handwritten-kendra.ngrok-free.dev/openapi.json
2025-10-02 11:23:53,419 - backend - INFO - [REQUEST] Completed with status 200
2025-10-02 11:30:19,531 - backend - INFO - Starting database initialization...
2025-10-02 11:30:19,580 - backend - INFO - Database initialization complete.
2025-10-02 11:30:19,813 - backend - INFO - Starting database initialization...
2025-10-02 11:30:19,862 - backend - INFO - Database initialization complete.
2025-10-02 11:30:20,300 - backend - INFO - Starting database initialization...
2025-10-02 11:30:20,347 - backend - INFO - Database initialization complete.
2025-10-02 11:30:20,438 - backend - INFO - Starting database initialization...
2025-10-02 11:30:20,518 - backend - INFO - Database initialization complete.
2025-10-02 11:30:20,679 - backend - INFO - Starting database initialization...
2025-10-02 11:30:20,752 - backend - INFO - Database initialization complete.
2025-10-02 11:30:31,696 - backend - INFO - Luo model and tokenizer loaded successfully.
2025-10-02 11:30:31,699 - backend - INFO - Luo model and tokenizer loaded successfully.
2025-10-02 11:30:31,704 - backend - INFO - Luo model and tokenizer loaded successfully.
2025-10-02 11:30:31,740 - backend - INFO - Luo model and tokenizer loaded successfully.
2025-10-02 11:30:31,749 - backend - INFO - Luo model and tokenizer loaded successfully.
2025-10-02 11:30:48,883 - backend - INFO - Kiswahili model loaded successfully.
2025-10-02 11:30:49,011 - backend - INFO - Kiswahili model loaded successfully.
2025-10-02 11:30:48,964 - backend - INFO - Kiswahili model loaded successfully.
2025-10-02 11:30:49,041 - backend - INFO - Kiswahili model loaded successfully.
2025-10-02 11:30:49,066 - backend - INFO - Kiswahili model loaded successfully.
2025-10-02 11:35:55,167 - backend - INFO - [REQUEST] Incoming: OPTIONS https://chronogrammatic-handwritten-kendra.ngrok-free.dev/auth/signup
2025-10-02 11:35:55,179 - backend - INFO - [REQUEST] Completed with status 200
2025-10-02 11:35:55,466 - backend - INFO - [REQUEST] Incoming: POST https://chronogrammatic-handwritten-kendra.ngrok-free.dev/auth/signup
2025-10-02 11:35:55,601 - auth - INFO - [SIGNUP] Attempt for username: Sheilla
2025-10-02 11:35:56,845 - auth - INFO - [SIGNUP] User successfully registered: Sheilla
2025-10-02 11:35:56,854 - backend - INFO - [REQUEST] Completed with status 200
2025-10-02 11:36:36,701 - backend - INFO - [REQUEST] Incoming: POST https://chronogrammatic-handwritten-kendra.ngrok-free.dev/auth/signup
2025-10-02 11:36:36,703 - auth - INFO - [SIGNUP] Attempt for username: Onunga
2025-10-02 11:36:36,707 - auth - WARNING - [SIGNUP] Username or email already registered: Onunga / onungachristopher363@gmail.com
2025-10-02 11:36:36,707 - auth - ERROR - [SIGNUP] Registration failed: 400: Username or email already registered
Traceback (most recent call last):
  File "C:\AIHealthTranslator\backend\app\routers\auth.py", line 66, in register
    raise HTTPException(status_code=400, detail="Username or email already registered")
fastapi.exceptions.HTTPException: 400: Username or email already registered
2025-10-02 11:36:36,737 - backend - INFO - [REQUEST] Completed with status 500
2025-10-02 11:37:15,744 - backend - INFO - [REQUEST] Incoming: POST https://chronogrammatic-handwritten-kendra.ngrok-free.dev/auth/signup
2025-10-02 11:37:15,746 - auth - INFO - [SIGNUP] Attempt for username: Joseph
2025-10-02 11:37:16,097 - auth - INFO - [SIGNUP] User successfully registered: Joseph
2025-10-02 11:37:16,100 - backend - INFO - [REQUEST] Completed with status 200
2025-10-02 11:37:33,016 - backend - INFO - [REQUEST] Incoming: POST https://chronogrammatic-handwritten-kendra.ngrok-free.dev/auth/login
2025-10-02 11:37:33,043 - auth - INFO - [LOGIN] Attempt for username: Joseph
2025-10-02 11:37:33,050 - auth - INFO - [LOGIN] DB query done in 0.007s
2025-10-02 11:37:33,394 - auth - INFO - [LOGIN] Password verified in 0.343s
2025-10-02 11:37:33,410 - auth - INFO - [LOGIN] Token created in 0.016s
2025-10-02 11:37:33,410 - auth - INFO - [LOGIN] Total login time: 0.367s
2025-10-02 11:37:33,413 - backend - INFO - [REQUEST] Completed with status 200
2025-10-02 11:37:35,654 - backend - INFO - [REQUEST] Incoming: OPTIONS http://127.0.0.1:8000/auth/me
2025-10-02 11:37:35,656 - backend - INFO - [REQUEST] Completed with status 200
2025-10-02 11:37:35,660 - backend - INFO - [REQUEST] Incoming: GET http://127.0.0.1:8000/auth/me
2025-10-02 11:37:35,680 - auth - INFO - [ME] Current user fetched: Joseph
2025-10-02 11:37:35,688 - backend - INFO - [REQUEST] Completed with status 200
2025-10-02 11:38:02,325 - backend - INFO - [REQUEST] Incoming: OPTIONS http://127.0.0.1:8000/translate/luo/medicine
2025-10-02 11:38:02,335 - backend - INFO - [REQUEST] Completed with status 200
2025-10-02 11:38:02,348 - backend - INFO - [REQUEST] Incoming: GET http://127.0.0.1:8000/translate/luo/medicine
2025-10-02 11:38:07,583 - backend - INFO - [TRANSLATION] Luo: 'medicine' -> 'Yath'
2025-10-02 11:38:07,584 - backend - INFO - [REQUEST] Completed with status 200
2025-10-02 11:39:21,402 - backend - INFO - [REQUEST] Incoming: GET http://127.0.0.1:8000/auth/me
2025-10-02 11:39:21,412 - auth - INFO - [ME] Current user fetched: Joseph
2025-10-02 11:39:21,417 - backend - INFO - [REQUEST] Completed with status 200
2025-10-02 12:03:31,843 - backend - INFO - [REQUEST] Incoming: OPTIONS https://chronogrammatic-handwritten-kendra.ngrok-free.dev/auth/signup
2025-10-02 12:03:31,893 - backend - INFO - [REQUEST] Completed with status 400
2025-10-02 12:04:51,441 - backend - INFO - [REQUEST] Incoming: POST https://chronogrammatic-handwritten-kendra.ngrok-free.dev/auth/login
2025-10-02 12:04:51,526 - auth - INFO - [LOGIN] Attempt for username: Joseph
2025-10-02 12:04:51,626 - auth - INFO - [LOGIN] DB query done in 0.099s
2025-10-02 12:04:51,975 - auth - INFO - [LOGIN] Password verified in 0.350s
2025-10-02 12:04:51,975 - auth - INFO - [LOGIN] Token created in 0.000s
2025-10-02 12:04:51,975 - auth - INFO - [LOGIN] Total login time: 0.449s
2025-10-02 12:04:51,992 - backend - INFO - [REQUEST] Completed with status 200
2025-10-02 12:04:52,569 - backend - INFO - [REQUEST] Incoming: OPTIONS http://127.0.0.1:8000/auth/me
2025-10-02 12:04:52,572 - backend - INFO - [REQUEST] Completed with status 200
2025-10-02 12:04:52,578 - backend - INFO - [REQUEST] Incoming: GET http://127.0.0.1:8000/auth/me
2025-10-02 12:04:52,589 - auth - INFO - [ME] Current user fetched: Joseph
2025-10-02 12:04:52,597 - backend - INFO - [REQUEST] Completed with status 200
2025-10-02 12:05:26,252 - backend - INFO - [REQUEST] Incoming: POST https://chronogrammatic-handwritten-kendra.ngrok-free.dev/auth/login
2025-10-02 12:05:26,261 - auth - INFO - [LOGIN] Attempt for username: Joseph
2025-10-02 12:05:26,268 - auth - INFO - [LOGIN] DB query done in 0.007s
2025-10-02 12:05:26,631 - auth - INFO - [LOGIN] Password verified in 0.360s
2025-10-02 12:05:26,631 - auth - INFO - [LOGIN] Token created in 0.000s
2025-10-02 12:05:26,631 - auth - INFO - [LOGIN] Total login time: 0.370s
2025-10-02 12:05:26,631 - backend - INFO - [REQUEST] Completed with status 200
2025-10-02 12:10:46,027 - backend - INFO - [REQUEST] Incoming: POST https://chronogrammatic-handwritten-kendra.ngrok-free.dev/auth/login
2025-10-02 12:10:46,041 - auth - INFO - [LOGIN] Attempt for username: Joseph
2025-10-02 12:10:46,055 - auth - INFO - [LOGIN] DB query done in 0.014s
2025-10-02 12:10:46,384 - auth - INFO - [LOGIN] Password verified in 0.329s
2025-10-02 12:10:46,399 - auth - INFO - [LOGIN] Token created in 0.015s
2025-10-02 12:10:46,399 - auth - INFO - [LOGIN] Total login time: 0.358s
2025-10-02 12:10:46,401 - backend - INFO - [REQUEST] Completed with status 200
2025-10-02 12:14:13,932 - backend - INFO - Starting database initialization...
2025-10-02 12:14:13,978 - backend - INFO - Database initialization complete.
2025-10-02 12:14:15,562 - backend - INFO - Starting database initialization...
2025-10-02 12:14:15,614 - backend - INFO - Database initialization complete.
2025-10-02 12:14:15,664 - backend - INFO - Starting database initialization...
2025-10-02 12:14:15,702 - backend - INFO - Database initialization complete.
2025-10-02 12:14:16,009 - backend - INFO - Starting database initialization...
2025-10-02 12:14:16,043 - backend - INFO - Database initialization complete.
2025-10-02 12:14:16,159 - backend - INFO - Starting database initialization...
2025-10-02 12:14:16,198 - backend - INFO - Database initialization complete.
2025-10-02 12:14:25,297 - backend - INFO - Luo model and tokenizer loaded successfully.
2025-10-02 12:14:25,878 - backend - INFO - Luo model and tokenizer loaded successfully.
2025-10-02 12:14:26,295 - backend - INFO - Luo model and tokenizer loaded successfully.
2025-10-02 12:14:26,417 - backend - INFO - Luo model and tokenizer loaded successfully.
2025-10-02 12:14:26,540 - backend - INFO - Luo model and tokenizer loaded successfully.
2025-10-02 12:14:39,203 - backend - INFO - Kiswahili model loaded successfully.
2025-10-02 12:14:43,499 - backend - INFO - Kiswahili model loaded successfully.
2025-10-02 12:14:43,639 - backend - INFO - Kiswahili model loaded successfully.
2025-10-02 12:14:43,641 - backend - INFO - Kiswahili model loaded successfully.
2025-10-02 12:14:43,772 - backend - INFO - Kiswahili model loaded successfully.
2025-10-02 12:15:32,957 - backend - INFO - [REQUEST] Incoming: POST https://chronogrammatic-handwritten-kendra.ngrok-free.dev/auth/login
2025-10-02 12:15:32,978 - auth - INFO - [LOGIN] Attempt for username: Joseph 
2025-10-02 12:15:33,034 - auth - INFO - [LOGIN] DB query done in 0.056s
2025-10-02 12:15:33,035 - auth - WARNING - [LOGIN] User not found.
2025-10-02 12:15:33,035 - auth - ERROR - [LOGIN] Login failed: 401: Invalid username or password
Traceback (most recent call last):
  File "C:\AIHealthTranslator\backend\app\routers\auth.py", line 96, in login
    raise HTTPException(status_code=401, detail="Invalid username or password")
fastapi.exceptions.HTTPException: 401: Invalid username or password
2025-10-02 12:15:33,043 - backend - INFO - [REQUEST] Completed with status 500
2025-10-02 12:16:59,533 - backend - INFO - [REQUEST] Incoming: OPTIONS https://chronogrammatic-handwritten-kendra.ngrok-free.dev/auth/signup
2025-10-02 12:16:59,539 - backend - INFO - [REQUEST] Completed with status 200
2025-10-02 12:16:59,839 - backend - INFO - [REQUEST] Incoming: POST https://chronogrammatic-handwritten-kendra.ngrok-free.dev/auth/signup
2025-10-02 12:16:59,896 - auth - INFO - [SIGNUP] Attempt for username: Johnson 
2025-10-02 12:17:00,313 - auth - INFO - [SIGNUP] User successfully registered: Johnson 
2025-10-02 12:17:00,329 - backend - INFO - [REQUEST] Completed with status 200
2025-10-02 12:17:23,826 - backend - INFO - [REQUEST] Incoming: POST https://chronogrammatic-handwritten-kendra.ngrok-free.dev/auth/login
2025-10-02 12:17:23,839 - auth - INFO - [LOGIN] Attempt for username: Johnson 
2025-10-02 12:17:23,847 - auth - INFO - [LOGIN] DB query done in 0.008s
2025-10-02 12:17:24,177 - auth - INFO - [LOGIN] Password verified in 0.328s
2025-10-02 12:17:24,184 - auth - INFO - [LOGIN] Token created in 0.000s
2025-10-02 12:17:24,184 - auth - INFO - [LOGIN] Total login time: 0.345s
2025-10-02 12:17:24,195 - backend - INFO - [REQUEST] Completed with status 200
2025-10-02 12:18:38,539 - backend - INFO - [REQUEST] Incoming: OPTIONS https://chronogrammatic-handwritten-kendra.ngrok-free.dev/auth/signup
2025-10-02 12:18:38,544 - backend - INFO - [REQUEST] Completed with status 200
2025-10-02 12:18:38,848 - backend - INFO - [REQUEST] Incoming: POST https://chronogrammatic-handwritten-kendra.ngrok-free.dev/auth/signup
2025-10-02 12:18:38,856 - auth - INFO - [SIGNUP] Attempt for username: Valary
2025-10-02 12:18:39,263 - auth - INFO - [SIGNUP] User successfully registered: Valary
2025-10-02 12:18:39,263 - backend - INFO - [REQUEST] Completed with status 200
2025-10-02 12:18:53,332 - backend - INFO - [REQUEST] Incoming: POST https://chronogrammatic-handwritten-kendra.ngrok-free.dev/auth/login
2025-10-02 12:18:53,336 - auth - INFO - [LOGIN] Attempt for username: Valary
2025-10-02 12:18:53,343 - auth - INFO - [LOGIN] DB query done in 0.007s
2025-10-02 12:18:53,671 - auth - INFO - [LOGIN] Password verified in 0.328s
2025-10-02 12:18:53,671 - auth - INFO - [LOGIN] Token created in 0.000s
2025-10-02 12:18:53,671 - auth - INFO - [LOGIN] Total login time: 0.335s
2025-10-02 12:18:53,671 - backend - INFO - [REQUEST] Completed with status 200
2025-10-02 12:18:54,150 - backend - INFO - [REQUEST] Incoming: OPTIONS http://127.0.0.1:8000/auth/me
2025-10-02 12:18:54,150 - backend - INFO - [REQUEST] Completed with status 200
2025-10-02 12:18:54,163 - backend - INFO - [REQUEST] Incoming: GET http://127.0.0.1:8000/auth/me
2025-10-02 12:18:54,174 - auth - INFO - [ME] Current user fetched: Valary
2025-10-02 12:18:54,177 - backend - INFO - [REQUEST] Completed with status 200
2025-10-02 12:28:07,507 - backend - INFO - [REQUEST] Incoming: OPTIONS https://chronogrammatic-handwritten-kendra.ngrok-free.dev/auth/signup
2025-10-02 12:28:07,512 - backend - INFO - [REQUEST] Completed with status 200
2025-10-02 12:28:07,855 - backend - INFO - [REQUEST] Incoming: POST https://chronogrammatic-handwritten-kendra.ngrok-free.dev/auth/signup
2025-10-02 12:28:07,865 - auth - INFO - [SIGNUP] Attempt for username: victor
2025-10-02 12:28:08,226 - auth - INFO - [SIGNUP] User successfully registered: victor
2025-10-02 12:28:08,226 - backend - INFO - [REQUEST] Completed with status 200
2025-10-02 12:28:28,495 - backend - INFO - [REQUEST] Incoming: POST https://chronogrammatic-handwritten-kendra.ngrok-free.dev/auth/login
2025-10-02 12:28:28,504 - auth - INFO - [LOGIN] Attempt for username: victo
2025-10-02 12:28:28,513 - auth - INFO - [LOGIN] DB query done in 0.008s
2025-10-02 12:28:28,516 - auth - WARNING - [LOGIN] User not found.
2025-10-02 12:28:28,517 - auth - ERROR - [LOGIN] Login failed: 401: Invalid username or password
Traceback (most recent call last):
  File "C:\AIHealthTranslator\backend\app\routers\auth.py", line 96, in login
    raise HTTPException(status_code=401, detail="Invalid username or password")
fastapi.exceptions.HTTPException: 401: Invalid username or password
2025-10-02 12:28:28,526 - backend - INFO - [REQUEST] Completed with status 500
2025-10-02 12:28:33,069 - backend - INFO - [REQUEST] Incoming: POST https://chronogrammatic-handwritten-kendra.ngrok-free.dev/auth/login
2025-10-02 12:28:33,076 - auth - INFO - [LOGIN] Attempt for username: victo
2025-10-02 12:28:33,086 - auth - INFO - [LOGIN] DB query done in 0.010s
2025-10-02 12:28:33,087 - auth - WARNING - [LOGIN] User not found.
2025-10-02 12:28:33,089 - auth - ERROR - [LOGIN] Login failed: 401: Invalid username or password
Traceback (most recent call last):
  File "C:\AIHealthTranslator\backend\app\routers\auth.py", line 96, in login
    raise HTTPException(status_code=401, detail="Invalid username or password")
fastapi.exceptions.HTTPException: 401: Invalid username or password
2025-10-02 12:28:33,102 - backend - INFO - [REQUEST] Completed with status 500
2025-10-02 12:28:41,760 - backend - INFO - [REQUEST] Incoming: POST https://chronogrammatic-handwritten-kendra.ngrok-free.dev/auth/login
2025-10-02 12:28:41,769 - auth - INFO - [LOGIN] Attempt for username: victo
2025-10-02 12:28:41,769 - auth - INFO - [LOGIN] DB query done in 0.000s
2025-10-02 12:28:41,781 - auth - WARNING - [LOGIN] User not found.
2025-10-02 12:28:41,783 - auth - ERROR - [LOGIN] Login failed: 401: Invalid username or password
Traceback (most recent call last):
  File "C:\AIHealthTranslator\backend\app\routers\auth.py", line 96, in login
    raise HTTPException(status_code=401, detail="Invalid username or password")
fastapi.exceptions.HTTPException: 401: Invalid username or password
2025-10-02 12:28:41,793 - backend - INFO - [REQUEST] Completed with status 500
2025-10-02 12:29:38,883 - backend - INFO - [REQUEST] Incoming: POST https://chronogrammatic-handwritten-kendra.ngrok-free.dev/auth/signup
2025-10-02 12:29:38,926 - auth - INFO - [SIGNUP] Attempt for username: victor
2025-10-02 12:29:38,978 - auth - WARNING - [SIGNUP] Username or email already registered: victor / vo0963327@gmail.com
2025-10-02 12:29:38,980 - auth - ERROR - [SIGNUP] Registration failed: 400: Username or email already registered
Traceback (most recent call last):
  File "C:\AIHealthTranslator\backend\app\routers\auth.py", line 66, in register
    raise HTTPException(status_code=400, detail="Username or email already registered")
fastapi.exceptions.HTTPException: 400: Username or email already registered
2025-10-02 12:29:38,985 - backend - INFO - [REQUEST] Completed with status 500
2025-10-02 12:29:43,605 - backend - INFO - [REQUEST] Incoming: POST https://chronogrammatic-handwritten-kendra.ngrok-free.dev/auth/signup
2025-10-02 12:29:43,614 - auth - INFO - [SIGNUP] Attempt for username: victor
2025-10-02 12:29:43,629 - auth - WARNING - [SIGNUP] Username or email already registered: victor / vo0963327@gmail.com
2025-10-02 12:29:43,631 - auth - ERROR - [SIGNUP] Registration failed: 400: Username or email already registered
Traceback (most recent call last):
  File "C:\AIHealthTranslator\backend\app\routers\auth.py", line 66, in register
    raise HTTPException(status_code=400, detail="Username or email already registered")
fastapi.exceptions.HTTPException: 400: Username or email already registered
2025-10-02 12:29:43,634 - backend - INFO - [REQUEST] Completed with status 500
2025-10-02 12:29:56,781 - backend - INFO - [REQUEST] Incoming: POST https://chronogrammatic-handwritten-kendra.ngrok-free.dev/auth/login
2025-10-02 12:29:56,788 - auth - INFO - [LOGIN] Attempt for username: victor
2025-10-02 12:29:56,788 - auth - INFO - [LOGIN] DB query done in 0.000s
2025-10-02 12:29:57,138 - auth - INFO - [LOGIN] Password verified in 0.338s
2025-10-02 12:29:57,138 - auth - INFO - [LOGIN] Token created in 0.000s
2025-10-02 12:29:57,138 - auth - INFO - [LOGIN] Total login time: 0.350s
2025-10-02 12:29:57,138 - backend - INFO - [REQUEST] Completed with status 200
2025-10-02 12:35:41,231 - backend - INFO - [REQUEST] Incoming: POST https://chronogrammatic-handwritten-kendra.ngrok-free.dev/auth/login
2025-10-02 12:35:41,233 - auth - INFO - [LOGIN] Attempt for username: victor
2025-10-02 12:35:41,241 - auth - INFO - [LOGIN] DB query done in 0.008s
2025-10-02 12:35:41,685 - auth - INFO - [LOGIN] Password verified in 0.443s
2025-10-02 12:35:41,685 - auth - INFO - [LOGIN] Token created in 0.000s
2025-10-02 12:35:41,685 - auth - INFO - [LOGIN] Total login time: 0.452s
2025-10-02 12:35:41,685 - backend - INFO - [REQUEST] Completed with status 200
2025-10-02 12:36:14,800 - backend - INFO - [REQUEST] Incoming: OPTIONS http://127.0.0.1:8000/auth/me
2025-10-02 12:36:14,800 - backend - INFO - [REQUEST] Completed with status 200
2025-10-02 12:36:14,814 - backend - INFO - [REQUEST] Incoming: GET http://127.0.0.1:8000/auth/me
2025-10-02 12:36:14,823 - auth - INFO - [ME] Current user fetched: Valary
2025-10-02 12:36:14,832 - backend - INFO - [REQUEST] Completed with status 200
2025-10-02 12:37:04,212 - backend - INFO - [REQUEST] Incoming: POST https://chronogrammatic-handwritten-kendra.ngrok-free.dev/auth/login
2025-10-02 12:37:04,221 - auth - INFO - [LOGIN] Attempt for username: Joseph
2025-10-02 12:37:04,226 - auth - INFO - [LOGIN] DB query done in 0.005s
2025-10-02 12:37:04,556 - auth - INFO - [LOGIN] Password verified in 0.329s
2025-10-02 12:37:04,556 - auth - INFO - [LOGIN] Token created in 0.000s
2025-10-02 12:37:04,556 - auth - INFO - [LOGIN] Total login time: 0.335s
2025-10-02 12:37:04,559 - backend - INFO - [REQUEST] Completed with status 200
2025-10-02 12:37:04,931 - backend - INFO - [REQUEST] Incoming: GET http://127.0.0.1:8000/auth/me
2025-10-02 12:37:04,936 - auth - INFO - [ME] Current user fetched: Joseph
2025-10-02 12:37:04,940 - backend - INFO - [REQUEST] Completed with status 200
2025-10-02 12:38:48,893 - backend - INFO - [REQUEST] Incoming: OPTIONS http://127.0.0.1:8000/translate/luo/medicine
2025-10-02 12:38:48,915 - backend - INFO - [REQUEST] Completed with status 200
2025-10-02 12:38:48,919 - backend - INFO - [REQUEST] Incoming: GET http://127.0.0.1:8000/translate/luo/medicine
2025-10-02 12:38:53,908 - backend - INFO - [TRANSLATION] Luo: 'medicine' -> 'Yath'
2025-10-02 12:38:53,909 - backend - INFO - [REQUEST] Completed with status 200
2025-10-02 12:45:23,594 - backend - INFO - [REQUEST] Incoming: POST https://chronogrammatic-handwritten-kendra.ngrok-free.dev/auth/login
2025-10-02 12:45:23,602 - auth - INFO - [LOGIN] Attempt for username: victor
2025-10-02 12:45:23,612 - auth - INFO - [LOGIN] DB query done in 0.010s
2025-10-02 12:45:23,984 - auth - INFO - [LOGIN] Password verified in 0.372s
2025-10-02 12:45:23,984 - auth - INFO - [LOGIN] Token created in 0.000s
2025-10-02 12:45:23,984 - auth - INFO - [LOGIN] Total login time: 0.382s
2025-10-02 12:45:23,984 - backend - INFO - [REQUEST] Completed with status 200
2025-10-02 13:03:52,672 - backend - INFO - [REQUEST] Incoming: OPTIONS https://chronogrammatic-handwritten-kendra.ngrok-free.dev/auth/signup
2025-10-02 13:03:52,694 - backend - INFO - [REQUEST] Completed with status 200
2025-10-02 13:03:53,225 - backend - INFO - [REQUEST] Incoming: POST https://chronogrammatic-handwritten-kendra.ngrok-free.dev/auth/signup
2025-10-02 13:03:53,302 - auth - INFO - [SIGNUP] Attempt for username: Sejjo
2025-10-02 13:03:53,746 - auth - INFO - [SIGNUP] User successfully registered: Sejjo
2025-10-02 13:03:53,785 - backend - INFO - [REQUEST] Completed with status 200
2025-10-02 13:04:10,352 - backend - INFO - [REQUEST] Incoming: POST https://chronogrammatic-handwritten-kendra.ngrok-free.dev/auth/login
2025-10-02 13:04:10,358 - auth - INFO - [LOGIN] Attempt for username: Sejjo 
2025-10-02 13:04:10,361 - auth - INFO - [LOGIN] DB query done in 0.003s
2025-10-02 13:04:10,369 - auth - WARNING - [LOGIN] User not found.
2025-10-02 13:04:10,373 - auth - ERROR - [LOGIN] Login failed: 401: Invalid username or password
Traceback (most recent call last):
  File "C:\AIHealthTranslator\backend\app\routers\auth.py", line 96, in login
    raise HTTPException(status_code=401, detail="Invalid username or password")
fastapi.exceptions.HTTPException: 401: Invalid username or password
2025-10-02 13:04:10,393 - backend - INFO - [REQUEST] Completed with status 500
2025-10-02 13:04:23,785 - backend - INFO - [REQUEST] Incoming: POST https://chronogrammatic-handwritten-kendra.ngrok-free.dev/auth/login
2025-10-02 13:04:23,792 - auth - INFO - [LOGIN] Attempt for username: Sejjo 
2025-10-02 13:04:23,804 - auth - INFO - [LOGIN] DB query done in 0.013s
2025-10-02 13:04:23,806 - auth - WARNING - [LOGIN] User not found.
2025-10-02 13:04:23,809 - auth - ERROR - [LOGIN] Login failed: 401: Invalid username or password
Traceback (most recent call last):
  File "C:\AIHealthTranslator\backend\app\routers\auth.py", line 96, in login
    raise HTTPException(status_code=401, detail="Invalid username or password")
fastapi.exceptions.HTTPException: 401: Invalid username or password
2025-10-02 13:04:23,813 - backend - INFO - [REQUEST] Completed with status 500
2025-10-02 13:04:30,489 - backend - INFO - [REQUEST] Incoming: POST https://chronogrammatic-handwritten-kendra.ngrok-free.dev/auth/login
2025-10-02 13:04:30,499 - auth - INFO - [LOGIN] Attempt for username: sejjo 
2025-10-02 13:04:30,502 - auth - INFO - [LOGIN] DB query done in 0.003s
2025-10-02 13:04:30,503 - auth - WARNING - [LOGIN] User not found.
2025-10-02 13:04:30,503 - auth - ERROR - [LOGIN] Login failed: 401: Invalid username or password
Traceback (most recent call last):
  File "C:\AIHealthTranslator\backend\app\routers\auth.py", line 96, in login
    raise HTTPException(status_code=401, detail="Invalid username or password")
fastapi.exceptions.HTTPException: 401: Invalid username or password
2025-10-02 13:04:30,506 - backend - INFO - [REQUEST] Completed with status 500
2025-10-02 13:07:16,228 - backend - INFO - [REQUEST] Incoming: POST https://chronogrammatic-handwritten-kendra.ngrok-free.dev/auth/login
2025-10-02 13:07:16,245 - auth - INFO - [LOGIN] Attempt for username: Joseph 
2025-10-02 13:07:16,256 - auth - INFO - [LOGIN] DB query done in 0.011s
2025-10-02 13:07:16,258 - auth - WARNING - [LOGIN] User not found.
2025-10-02 13:07:16,260 - auth - ERROR - [LOGIN] Login failed: 401: Invalid username or password
Traceback (most recent call last):
  File "C:\AIHealthTranslator\backend\app\routers\auth.py", line 96, in login
    raise HTTPException(status_code=401, detail="Invalid username or password")
fastapi.exceptions.HTTPException: 401: Invalid username or password
2025-10-02 13:07:16,269 - backend - INFO - [REQUEST] Completed with status 500
2025-10-02 13:09:43,485 - backend - INFO - [REQUEST] Incoming: POST https://chronogrammatic-handwritten-kendra.ngrok-free.dev/auth/login
2025-10-02 13:09:43,491 - auth - INFO - [LOGIN] Attempt for username: Joseph
2025-10-02 13:09:43,507 - auth - INFO - [LOGIN] DB query done in 0.016s
2025-10-02 13:09:43,837 - auth - INFO - [LOGIN] Password verified in 0.329s
2025-10-02 13:09:43,837 - auth - INFO - [LOGIN] Token created in 0.000s
2025-10-02 13:09:43,837 - auth - INFO - [LOGIN] Total login time: 0.346s
2025-10-02 13:09:43,837 - backend - INFO - [REQUEST] Completed with status 200
2025-10-02 13:09:44,714 - backend - INFO - [REQUEST] Incoming: OPTIONS http://127.0.0.1:8000/auth/me
2025-10-02 13:09:44,714 - backend - INFO - [REQUEST] Completed with status 200
2025-10-02 13:09:44,714 - backend - INFO - [REQUEST] Incoming: GET http://127.0.0.1:8000/auth/me
2025-10-02 13:09:44,880 - auth - INFO - [ME] Current user fetched: Joseph
2025-10-02 13:09:44,880 - backend - INFO - [REQUEST] Completed with status 200
2025-10-02 13:13:15,460 - backend - INFO - [REQUEST] Incoming: OPTIONS https://chronogrammatic-handwritten-kendra.ngrok-free.dev/auth/signup
2025-10-02 13:13:15,464 - backend - INFO - [REQUEST] Completed with status 200
2025-10-02 13:13:15,779 - backend - INFO - [REQUEST] Incoming: POST https://chronogrammatic-handwritten-kendra.ngrok-free.dev/auth/signup
2025-10-02 13:13:15,790 - auth - INFO - [SIGNUP] Attempt for username: Adur
2025-10-02 13:13:16,183 - auth - INFO - [SIGNUP] User successfully registered: Adur
2025-10-02 13:13:16,193 - backend - INFO - [REQUEST] Completed with status 200
2025-10-02 13:13:33,760 - backend - INFO - [REQUEST] Incoming: POST https://chronogrammatic-handwritten-kendra.ngrok-free.dev/auth/login
2025-10-02 13:13:33,770 - auth - INFO - [LOGIN] Attempt for username: Adur
2025-10-02 13:13:33,779 - auth - INFO - [LOGIN] DB query done in 0.009s
2025-10-02 13:13:34,128 - auth - INFO - [LOGIN] Password verified in 0.346s
2025-10-02 13:13:34,128 - auth - INFO - [LOGIN] Token created in 0.000s
2025-10-02 13:13:34,134 - auth - INFO - [LOGIN] Total login time: 0.358s
2025-10-02 13:13:34,134 - backend - INFO - [REQUEST] Completed with status 200
2025-10-02 14:49:21,469 - backend - INFO - [REQUEST] Incoming: OPTIONS http://127.0.0.1:8000/translate/luo/medicine
2025-10-02 14:49:21,495 - backend - INFO - [REQUEST] Completed with status 200
2025-10-02 14:49:21,511 - backend - INFO - [REQUEST] Incoming: GET http://127.0.0.1:8000/translate/luo/medicine
2025-10-02 14:49:23,443 - backend - INFO - [TRANSLATION] Luo: 'medicine' -> 'Yath'
2025-10-02 14:49:23,449 - backend - INFO - [REQUEST] Completed with status 200
2025-10-02 14:49:30,436 - backend - INFO - [REQUEST] Incoming: OPTIONS http://127.0.0.1:8000/auth/me
2025-10-02 14:49:30,439 - backend - INFO - [REQUEST] Completed with status 200
2025-10-02 14:49:30,449 - backend - INFO - [REQUEST] Incoming: GET http://127.0.0.1:8000/auth/me
2025-10-02 14:49:30,526 - auth - INFO - [ME] Current user fetched: Joseph
2025-10-02 14:49:30,554 - backend - INFO - [REQUEST] Completed with status 200
2025-10-02 14:49:37,695 - backend - INFO - [REQUEST] Incoming: OPTIONS http://127.0.0.1:8000/dictionary/Medicine
2025-10-02 14:49:37,698 - backend - INFO - [REQUEST] Completed with status 200
2025-10-02 14:49:37,720 - backend - INFO - [REQUEST] Incoming: GET http://127.0.0.1:8000/dictionary/Medicine
2025-10-02 14:49:37,725 - dictionary - INFO - Trying AI translation for: Medicine
2025-10-02 14:49:38,092 - dictionary - WARNING - AI translation failed: module 'app.routers.dictionary' has no attribute 'get_word_translation'
2025-10-02 14:49:38,092 - dictionary - INFO - Falling back to dictionary DB
2025-10-02 14:49:38,103 - backend - INFO - [REQUEST] Completed with status 404
2025-10-02 14:49:44,798 - backend - INFO - [REQUEST] Incoming: OPTIONS http://127.0.0.1:8000/dictionary/fever
2025-10-02 14:49:44,801 - backend - INFO - [REQUEST] Completed with status 200
2025-10-02 14:49:44,822 - backend - INFO - [REQUEST] Incoming: GET http://127.0.0.1:8000/dictionary/fever
2025-10-02 14:49:44,825 - dictionary - INFO - Trying AI translation for: fever
2025-10-02 14:49:44,849 - dictionary - WARNING - AI translation failed: module 'app.routers.dictionary' has no attribute 'get_word_translation'
2025-10-02 14:49:44,850 - dictionary - INFO - Falling back to dictionary DB
2025-10-02 14:49:44,852 - backend - INFO - [REQUEST] Completed with status 200
2025-10-02 19:12:35,945 - backend - INFO - [REQUEST] Incoming: POST https://chronogrammatic-handwritten-kendra.ngrok-free.dev/auth/login
2025-10-02 19:12:36,023 - auth - INFO - [LOGIN] Attempt for username: Joseph 
2025-10-02 19:12:36,131 - auth - INFO - [LOGIN] DB query done in 0.110s
2025-10-02 19:12:36,131 - auth - WARNING - [LOGIN] User not found.
2025-10-02 19:12:36,131 - auth - ERROR - [LOGIN] Login failed: 401: Invalid username or password
Traceback (most recent call last):
  File "C:\AIHealthTranslator\backend\app\routers\auth.py", line 96, in login
    raise HTTPException(status_code=401, detail="Invalid username or password")
fastapi.exceptions.HTTPException: 401: Invalid username or password
2025-10-02 19:12:36,151 - backend - INFO - [REQUEST] Completed with status 500
2025-10-02 19:12:58,124 - backend - INFO - [REQUEST] Incoming: OPTIONS http://127.0.0.1:8000/auth/me
2025-10-02 19:12:58,130 - backend - INFO - [REQUEST] Completed with status 200
2025-10-02 19:12:58,136 - backend - INFO - [REQUEST] Incoming: GET http://127.0.0.1:8000/auth/me
2025-10-02 19:12:58,159 - auth - INFO - [ME] Current user fetched: Joseph
2025-10-02 19:12:58,185 - backend - INFO - [REQUEST] Completed with status 200
2025-10-02 19:13:19,649 - backend - INFO - [REQUEST] Incoming: POST https://chronogrammatic-handwritten-kendra.ngrok-free.dev/auth/login
2025-10-02 19:13:19,653 - auth - INFO - [LOGIN] Attempt for username: Joseph
2025-10-02 19:13:19,653 - auth - INFO - [LOGIN] DB query done in 0.001s
2025-10-02 19:13:20,007 - auth - INFO - [LOGIN] Password verified in 0.353s
2025-10-02 19:13:20,009 - auth - INFO - [LOGIN] Token created in 0.002s
2025-10-02 19:13:20,009 - auth - INFO - [LOGIN] Total login time: 0.356s
2025-10-02 19:13:20,009 - backend - INFO - [REQUEST] Completed with status 200
2025-10-02 19:13:21,333 - backend - INFO - [REQUEST] Incoming: GET http://127.0.0.1:8000/auth/me
2025-10-02 19:13:21,338 - auth - INFO - [ME] Current user fetched: Joseph
2025-10-02 19:13:21,341 - backend - INFO - [REQUEST] Completed with status 200
2025-10-02 19:13:41,513 - backend - INFO - [REQUEST] Incoming: OPTIONS http://127.0.0.1:8000/translate/luo/Medicine
2025-10-02 19:13:41,520 - backend - INFO - [REQUEST] Completed with status 200
2025-10-02 19:13:41,530 - backend - INFO - [REQUEST] Incoming: GET http://127.0.0.1:8000/translate/luo/Medicine
2025-10-02 19:13:43,559 - backend - INFO - [TRANSLATION] Luo: 'Medicine' -> 'Yath'
2025-10-02 19:13:43,559 - backend - INFO - [REQUEST] Completed with status 200
2025-10-02 19:14:59,918 - backend - INFO - [REQUEST] Incoming: OPTIONS https://chronogrammatic-handwritten-kendra.ngrok-free.dev/auth/signup
2025-10-02 19:14:59,921 - backend - INFO - [REQUEST] Completed with status 200
2025-10-02 19:15:00,553 - backend - INFO - [REQUEST] Incoming: POST https://chronogrammatic-handwritten-kendra.ngrok-free.dev/auth/signup
2025-10-02 19:15:00,576 - auth - INFO - [SIGNUP] Attempt for username: Annah
2025-10-02 19:15:00,979 - auth - INFO - [SIGNUP] User successfully registered: Annah
2025-10-02 19:15:00,979 - backend - INFO - [REQUEST] Completed with status 200
2025-10-02 19:15:16,932 - backend - INFO - [REQUEST] Incoming: POST https://chronogrammatic-handwritten-kendra.ngrok-free.dev/auth/login
2025-10-02 19:15:16,975 - auth - INFO - [LOGIN] Attempt for username: Annah 
2025-10-02 19:15:16,981 - auth - INFO - [LOGIN] DB query done in 0.006s
2025-10-02 19:15:16,981 - auth - WARNING - [LOGIN] User not found.
2025-10-02 19:15:16,985 - auth - ERROR - [LOGIN] Login failed: 401: Invalid username or password
Traceback (most recent call last):
  File "C:\AIHealthTranslator\backend\app\routers\auth.py", line 96, in login
    raise HTTPException(status_code=401, detail="Invalid username or password")
fastapi.exceptions.HTTPException: 401: Invalid username or password
2025-10-02 19:15:16,993 - backend - INFO - [REQUEST] Completed with status 500
2025-10-02 19:16:53,413 - backend - INFO - [REQUEST] Incoming: POST https://chronogrammatic-handwritten-kendra.ngrok-free.dev/auth/login
2025-10-02 19:16:53,420 - auth - INFO - [LOGIN] Attempt for username: Anah
2025-10-02 19:16:53,436 - auth - INFO - [LOGIN] DB query done in 0.016s
2025-10-02 19:16:53,436 - auth - WARNING - [LOGIN] User not found.
2025-10-02 19:16:53,436 - auth - ERROR - [LOGIN] Login failed: 401: Invalid username or password
Traceback (most recent call last):
  File "C:\AIHealthTranslator\backend\app\routers\auth.py", line 96, in login
    raise HTTPException(status_code=401, detail="Invalid username or password")
fastapi.exceptions.HTTPException: 401: Invalid username or password
2025-10-02 19:16:53,455 - backend - INFO - [REQUEST] Completed with status 500
2025-10-08 09:58:50,501 - backend - INFO - Starting database initialization...
2025-10-08 09:58:50,536 - backend - INFO - Database initialization complete.
2025-10-08 09:58:57,265 - backend - INFO - Luo model and tokenizer loaded successfully.
2025-10-08 09:59:02,087 - backend - INFO - Kiswahili model loaded successfully.
2025-10-08 10:02:27,897 - backend - INFO - [REQUEST] Incoming: GET http://127.0.0.1:8000/docs
2025-10-08 10:02:27,913 - backend - INFO - [REQUEST] Completed with status 200
2025-10-08 10:02:29,466 - backend - INFO - [REQUEST] Incoming: GET http://127.0.0.1:8000/openapi.json
2025-10-08 10:02:29,511 - backend - INFO - [REQUEST] Completed with status 200
2025-10-08 10:40:44,081 - backend - INFO - [REQUEST] Incoming: POST https://chronogrammatic-handwritten-kendra.ngrok-free.dev/auth/login
2025-10-08 10:40:44,242 - auth - INFO - [LOGIN] Attempt for username: Joseph
2025-10-08 10:40:44,402 - auth - INFO - [LOGIN] DB query done in 0.160s
2025-10-08 10:40:44,918 - auth - INFO - [LOGIN] Password verified in 0.516s
2025-10-08 10:40:44,937 - auth - INFO - [LOGIN] Token created in 0.019s
2025-10-08 10:40:44,937 - auth - INFO - [LOGIN] Total login time: 0.695s
2025-10-08 10:40:44,949 - backend - INFO - [REQUEST] Completed with status 200
2025-10-08 10:40:46,145 - backend - INFO - [REQUEST] Incoming: OPTIONS http://127.0.0.1:8000/auth/me
2025-10-08 10:40:46,147 - backend - INFO - [REQUEST] Completed with status 200
2025-10-08 10:40:46,152 - backend - INFO - [REQUEST] Incoming: GET http://127.0.0.1:8000/auth/me
2025-10-08 10:40:46,202 - auth - INFO - [ME] Current user fetched: Joseph
2025-10-08 10:40:46,222 - backend - INFO - [REQUEST] Completed with status 200
2025-10-08 10:41:04,715 - backend - INFO - [REQUEST] Incoming: OPTIONS http://127.0.0.1:8000/translate/luo/Medicine
2025-10-08 10:41:04,722 - backend - INFO - [REQUEST] Completed with status 200
2025-10-08 10:41:04,727 - backend - INFO - [REQUEST] Incoming: GET http://127.0.0.1:8000/translate/luo/Medicine
2025-10-08 10:41:09,775 - backend - INFO - [TRANSLATION] Luo: 'Medicine' -> 'Yath'
2025-10-08 10:41:09,776 - backend - INFO - [REQUEST] Completed with status 200
2025-10-08 10:41:45,277 - backend - INFO - [REQUEST] Incoming: POST https://chronogrammatic-handwritten-kendra.ngrok-free.dev/auth/login
2025-10-08 10:41:45,277 - auth - INFO - [LOGIN] Attempt for username: Joseph 
2025-10-08 10:41:45,282 - auth - INFO - [LOGIN] DB query done in 0.005s
2025-10-08 10:41:45,282 - auth - WARNING - [LOGIN] User not found.
2025-10-08 10:41:45,282 - auth - ERROR - [LOGIN] Login failed: 401: Invalid username or password
Traceback (most recent call last):
  File "C:\AIHealthTranslator\backend\app\routers\auth.py", line 96, in login
    raise HTTPException(status_code=401, detail="Invalid username or password")
fastapi.exceptions.HTTPException: 401: Invalid username or password
2025-10-08 10:41:45,288 - backend - INFO - [REQUEST] Completed with status 500
2025-10-08 11:20:41,146 - backend - INFO - Starting database initialization...
2025-10-08 11:20:41,174 - backend - INFO - Database initialization complete.
2025-10-08 11:20:41,732 - backend - INFO - Starting database initialization...
2025-10-08 11:20:41,756 - backend - INFO - Database initialization complete.
2025-10-08 11:20:44,983 - backend - INFO - Luo model and tokenizer loaded successfully.
2025-10-08 11:20:44,993 - backend - INFO - Luo model and tokenizer loaded successfully.
2025-10-08 11:20:51,449 - backend - INFO - Kiswahili model loaded successfully.
2025-10-08 11:20:51,455 - backend - INFO - Kiswahili model loaded successfully.
2025-10-08 11:20:51,734 - backend - INFO - [REQUEST] Incoming: POST https://chronogrammatic-handwritten-kendra.ngrok-free.dev/auth/login
2025-10-08 11:20:51,738 - backend - INFO - [REQUEST] Incoming: OPTIONS https://chronogrammatic-handwritten-kendra.ngrok-free.dev/auth/signup
2025-10-08 11:20:51,740 - backend - INFO - [REQUEST] Incoming: OPTIONS https://chronogrammatic-handwritten-kendra.ngrok-free.dev/auth/signup
2025-10-08 11:20:51,753 - asyncio - ERROR - Task was destroyed but it is pending!
task: <Task pending name='Task-18' coro=<<async_generator_athrow without __name__>()>>
2025-10-08 11:21:02,370 - backend - INFO - Starting database initialization...
2025-10-08 11:21:02,398 - backend - INFO - Database initialization complete.
2025-10-08 11:21:06,238 - backend - INFO - Luo model and tokenizer loaded successfully.
2025-10-08 11:21:10,547 - backend - INFO - Kiswahili model loaded successfully.
2025-10-08 11:21:22,652 - backend - INFO - [REQUEST] Incoming: POST https://chronogrammatic-handwritten-kendra.ngrok-free.dev/auth/login
2025-10-08 11:21:22,669 - auth - INFO - [LOGIN] Attempt for username: Joseph
2025-10-08 11:21:22,679 - auth - INFO - [LOGIN] DB query done in 0.010s
2025-10-08 11:21:23,012 - auth - INFO - [LOGIN] Password verified in 0.332s
2025-10-08 11:21:23,012 - auth - INFO - [LOGIN] Token created in 0.000s
2025-10-08 11:21:23,012 - auth - INFO - [LOGIN] Total login time: 0.343s
2025-10-08 11:21:23,025 - backend - INFO - [REQUEST] Completed with status 200
2025-10-08 11:21:23,948 - backend - INFO - [REQUEST] Incoming: OPTIONS http://127.0.0.1:8000/auth/me
2025-10-08 11:21:23,950 - backend - INFO - [REQUEST] Completed with status 200
2025-10-08 11:21:23,954 - backend - INFO - [REQUEST] Incoming: GET http://127.0.0.1:8000/auth/me
2025-10-08 11:21:23,964 - auth - INFO - [ME] Current user fetched: Joseph
2025-10-08 11:21:24,002 - backend - INFO - [REQUEST] Completed with status 200
2025-10-08 11:22:21,012 - backend - INFO - [REQUEST] Incoming: OPTIONS http://127.0.0.1:8000/dictionary/medicine
2025-10-08 11:22:21,015 - backend - INFO - [REQUEST] Completed with status 200
2025-10-08 11:22:21,028 - backend - INFO - [REQUEST] Incoming: GET http://127.0.0.1:8000/dictionary/medicine
2025-10-08 11:22:21,031 - dictionary - INFO - Trying AI translation for: medicine
2025-10-08 11:22:21,366 - dictionary - WARNING - AI translation failed: module 'app.routers.dictionary' has no attribute 'get_word_translation'
2025-10-08 11:22:21,367 - dictionary - INFO - Falling back to dictionary DB
2025-10-08 11:22:21,370 - backend - INFO - [REQUEST] Completed with status 404
2025-10-08 11:22:29,932 - backend - INFO - [REQUEST] Incoming: OPTIONS http://127.0.0.1:8000/dictionary/water
2025-10-08 11:22:29,936 - backend - INFO - [REQUEST] Completed with status 200
2025-10-08 11:22:29,947 - backend - INFO - [REQUEST] Incoming: GET http://127.0.0.1:8000/dictionary/water
2025-10-08 11:22:29,964 - dictionary - INFO - Trying AI translation for: water
2025-10-08 11:22:29,997 - dictionary - WARNING - AI translation failed: module 'app.routers.dictionary' has no attribute 'get_word_translation'
2025-10-08 11:22:29,998 - dictionary - INFO - Falling back to dictionary DB
2025-10-08 11:22:30,001 - backend - INFO - [REQUEST] Completed with status 404
2025-10-08 11:22:36,027 - backend - INFO - [REQUEST] Incoming: GET http://127.0.0.1:8000/auth/me
2025-10-08 11:22:36,034 - auth - INFO - [ME] Current user fetched: Joseph
2025-10-08 11:22:36,046 - backend - INFO - [REQUEST] Completed with status 200
2025-10-08 11:53:25,684 - backend - INFO - [REQUEST] Incoming: POST https://chronogrammatic-handwritten-kendra.ngrok-free.dev/auth/login
2025-10-08 11:53:25,710 - auth - INFO - [LOGIN] Attempt for username: joseph
2025-10-08 11:53:25,712 - auth - INFO - [LOGIN] DB query done in 0.001s
2025-10-08 11:53:25,712 - auth - WARNING - [LOGIN] User not found.
2025-10-08 11:53:25,712 - auth - ERROR - [LOGIN] Login failed: 401: Invalid username or password
Traceback (most recent call last):
  File "C:\AIHealthTranslator\backend\app\routers\auth.py", line 96, in login
    raise HTTPException(status_code=401, detail="Invalid username or password")
fastapi.exceptions.HTTPException: 401: Invalid username or password
2025-10-08 11:53:25,726 - backend - INFO - [REQUEST] Completed with status 500
2025-10-08 11:54:08,799 - backend - INFO - Starting database initialization...
2025-10-08 11:54:08,822 - backend - INFO - Database initialization complete.
2025-10-08 11:54:11,246 - backend - INFO - Luo model and tokenizer loaded successfully.
2025-10-08 11:54:16,073 - backend - INFO - Kiswahili model loaded successfully.
2025-10-08 11:54:49,054 - backend - INFO - [REQUEST] Incoming: POST https://chronogrammatic-handwritten-kendra.ngrok-free.dev/auth/login
2025-10-08 11:54:49,088 - auth - INFO - [LOGIN] Attempt for username: Joseph
2025-10-08 11:54:49,091 - auth - INFO - [LOGIN] DB query done in 0.003s
2025-10-08 11:54:49,387 - auth - INFO - [LOGIN] Password verified in 0.295s
2025-10-08 11:54:49,396 - auth - INFO - [LOGIN] Token created in 0.009s
2025-10-08 11:54:49,396 - auth - INFO - [LOGIN] Total login time: 0.308s
2025-10-08 11:54:49,398 - backend - INFO - [REQUEST] Completed with status 200
2025-10-08 11:54:50,564 - backend - INFO - [REQUEST] Incoming: OPTIONS http://127.0.0.1:8000/auth/me
2025-10-08 11:54:50,566 - backend - INFO - [REQUEST] Completed with status 200
2025-10-08 11:54:50,574 - backend - INFO - [REQUEST] Incoming: GET http://127.0.0.1:8000/auth/me
2025-10-08 11:54:50,582 - auth - INFO - [ME] Current user fetched: Joseph
2025-10-08 11:54:50,589 - backend - INFO - [REQUEST] Completed with status 200
2025-10-08 13:19:02,311 - backend - INFO - [REQUEST] Incoming: POST https://chronogrammatic-handwritten-kendra.ngrok-free.dev/auth/login
2025-10-08 13:19:02,320 - auth - INFO - [LOGIN] Attempt for username: Joseph 
2025-10-08 13:19:02,320 - auth - INFO - [LOGIN] DB query done in 0.000s
2025-10-08 13:19:02,320 - auth - WARNING - [LOGIN] User not found.
2025-10-08 13:19:02,320 - auth - ERROR - [LOGIN] Login failed: 401: Invalid username or password
Traceback (most recent call last):
  File "C:\AIHealthTranslator\backend\app\routers\auth.py", line 96, in login
    raise HTTPException(status_code=401, detail="Invalid username or password")
fastapi.exceptions.HTTPException: 401: Invalid username or password
2025-10-08 13:19:02,320 - backend - INFO - [REQUEST] Completed with status 500
2025-10-08 13:19:38,006 - backend - INFO - [REQUEST] Incoming: OPTIONS https://chronogrammatic-handwritten-kendra.ngrok-free.dev/auth/signup
2025-10-08 13:19:38,017 - backend - INFO - [REQUEST] Completed with status 200
2025-10-08 13:19:38,596 - backend - INFO - [REQUEST] Incoming: POST https://chronogrammatic-handwritten-kendra.ngrok-free.dev/auth/signup
2025-10-08 13:19:38,841 - auth - INFO - [SIGNUP] Attempt for username: Cindy 
2025-10-08 13:19:39,262 - auth - INFO - [SIGNUP] User successfully registered: Cindy 
2025-10-08 13:19:39,262 - backend - INFO - [REQUEST] Completed with status 200
2025-10-08 13:19:55,738 - backend - INFO - [REQUEST] Incoming: POST https://chronogrammatic-handwritten-kendra.ngrok-free.dev/auth/login
2025-10-08 13:19:55,748 - auth - INFO - [LOGIN] Attempt for username: Cindy 
2025-10-08 13:19:55,748 - auth - INFO - [LOGIN] DB query done in 0.000s
2025-10-08 13:19:56,045 - auth - INFO - [LOGIN] Password verified in 0.297s
2025-10-08 13:19:56,045 - auth - INFO - [LOGIN] Token created in 0.000s
2025-10-08 13:19:56,045 - auth - INFO - [LOGIN] Total login time: 0.297s
2025-10-08 13:19:56,045 - backend - INFO - [REQUEST] Completed with status 200
2025-10-08 13:42:52,816 - backend - INFO - [REQUEST] Incoming: POST https://chronogrammatic-handwritten-kendra.ngrok-free.dev/auth/login
2025-10-08 13:42:52,820 - auth - INFO - [LOGIN] Attempt for username: Chris
2025-10-08 13:42:52,821 - auth - INFO - [LOGIN] DB query done in 0.001s
2025-10-08 13:42:53,119 - auth - INFO - [LOGIN] Password verified in 0.297s
2025-10-08 13:42:53,120 - auth - INFO - [LOGIN] Token created in 0.000s
2025-10-08 13:42:53,120 - auth - INFO - [LOGIN] Total login time: 0.301s
2025-10-08 13:42:53,122 - backend - INFO - [REQUEST] Completed with status 200
2025-10-08 13:42:57,566 - backend - INFO - [REQUEST] Incoming: OPTIONS https://chronogrammatic-handwritten-kendra.ngrok-free.dev/auth/me
2025-10-08 13:42:57,570 - backend - INFO - [REQUEST] Completed with status 200
2025-10-08 13:43:36,537 - backend - INFO - [REQUEST] Incoming: POST https://chronogrammatic-handwritten-kendra.ngrok-free.dev/auth/login
2025-10-08 13:43:36,542 - auth - INFO - [LOGIN] Attempt for username: Joseph
2025-10-08 13:43:36,547 - auth - INFO - [LOGIN] DB query done in 0.005s
2025-10-08 13:43:36,847 - auth - INFO - [LOGIN] Password verified in 0.299s
2025-10-08 13:43:36,848 - auth - INFO - [LOGIN] Token created in 0.000s
2025-10-08 13:43:36,849 - auth - INFO - [LOGIN] Total login time: 0.307s
2025-10-08 13:43:36,851 - backend - INFO - [REQUEST] Completed with status 200
2025-10-08 13:43:37,834 - backend - INFO - [REQUEST] Incoming: OPTIONS http://127.0.0.1:8000/auth/me
2025-10-08 13:43:37,835 - backend - INFO - [REQUEST] Completed with status 200
2025-10-08 13:43:37,838 - backend - INFO - [REQUEST] Incoming: GET http://127.0.0.1:8000/auth/me
2025-10-08 13:43:37,841 - auth - INFO - [ME] Current user fetched: Joseph
2025-10-08 13:43:37,849 - backend - INFO - [REQUEST] Completed with status 200
2025-10-08 13:43:54,071 - backend - INFO - [REQUEST] Incoming: OPTIONS http://127.0.0.1:8000/translate/sw/blood
2025-10-08 13:43:54,076 - backend - INFO - [REQUEST] Completed with status 200
2025-10-08 13:43:54,087 - backend - INFO - [REQUEST] Incoming: GET http://127.0.0.1:8000/translate/sw/blood
2025-10-08 13:44:01,054 - backend - INFO - [TRANSLATION] Kiswahili: 'blood' -> 'damu'
2025-10-08 13:44:01,057 - backend - INFO - [REQUEST] Completed with status 200
2025-10-08 13:48:49,351 - backend - INFO - [REQUEST] Incoming: POST https://chronogrammatic-handwritten-kendra.ngrok-free.dev/auth/login
2025-10-08 13:48:49,366 - auth - INFO - [LOGIN] Attempt for username: Cindy 
2025-10-08 13:48:49,384 - auth - INFO - [LOGIN] DB query done in 0.018s
2025-10-08 13:48:49,697 - auth - INFO - [LOGIN] Password verified in 0.312s
2025-10-08 13:48:49,700 - auth - INFO - [LOGIN] Token created in 0.001s
2025-10-08 13:48:49,700 - auth - INFO - [LOGIN] Total login time: 0.334s
2025-10-08 13:48:49,711 - backend - INFO - [REQUEST] Completed with status 200
2025-10-08 13:48:51,438 - backend - INFO - [REQUEST] Incoming: OPTIONS https://chronogrammatic-handwritten-kendra.ngrok-free.dev/auth/me
2025-10-08 13:48:51,440 - backend - INFO - [REQUEST] Completed with status 200
2025-10-08 13:50:05,608 - backend - INFO - [REQUEST] Incoming: GET http://127.0.0.1:8000/auth/me
2025-10-08 13:50:05,620 - auth - INFO - [ME] Current user fetched: Joseph
2025-10-08 13:50:05,631 - backend - INFO - [REQUEST] Completed with status 200
2025-10-08 13:50:22,234 - backend - INFO - [REQUEST] Incoming: POST https://chronogrammatic-handwritten-kendra.ngrok-free.dev/auth/login
2025-10-08 13:50:22,236 - auth - INFO - [LOGIN] Attempt for username: Joseph
2025-10-08 13:50:22,238 - auth - INFO - [LOGIN] DB query done in 0.002s
2025-10-08 13:50:22,538 - auth - INFO - [LOGIN] Password verified in 0.299s
2025-10-08 13:50:22,539 - auth - INFO - [LOGIN] Token created in 0.000s
2025-10-08 13:50:22,540 - auth - INFO - [LOGIN] Total login time: 0.304s
2025-10-08 13:50:22,541 - backend - INFO - [REQUEST] Completed with status 200
2025-10-08 13:50:24,607 - backend - INFO - [REQUEST] Incoming: OPTIONS https://chronogrammatic-handwritten-kendra.ngrok-free.dev/auth/me
2025-10-08 13:50:24,611 - backend - INFO - [REQUEST] Completed with status 200
2025-10-08 13:59:59,364 - backend - INFO - [REQUEST] Incoming: POST https://chronogrammatic-handwritten-kendra.ngrok-free.dev/auth/login
2025-10-08 13:59:59,370 - auth - INFO - [LOGIN] Attempt for username: Joseph
2025-10-08 13:59:59,383 - auth - INFO - [LOGIN] DB query done in 0.013s
2025-10-08 13:59:59,684 - auth - INFO - [LOGIN] Password verified in 0.301s
2025-10-08 13:59:59,684 - auth - INFO - [LOGIN] Token created in 0.000s
2025-10-08 13:59:59,685 - auth - INFO - [LOGIN] Total login time: 0.315s
2025-10-08 13:59:59,687 - backend - INFO - [REQUEST] Completed with status 200
2025-10-08 14:10:24,832 - backend - INFO - [REQUEST] Incoming: POST https://chronogrammatic-handwritten-kendra.ngrok-free.dev/auth/login
2025-10-08 14:10:24,845 - auth - INFO - [LOGIN] Attempt for username: Chris
2025-10-08 14:10:24,854 - auth - INFO - [LOGIN] DB query done in 0.008s
2025-10-08 14:10:25,162 - auth - INFO - [LOGIN] Password verified in 0.306s
2025-10-08 14:10:25,166 - auth - INFO - [LOGIN] Token created in 0.001s
2025-10-08 14:10:25,166 - auth - INFO - [LOGIN] Total login time: 0.321s
2025-10-08 14:10:25,169 - backend - INFO - [REQUEST] Completed with status 200
2025-10-08 14:10:28,375 - backend - INFO - [REQUEST] Incoming: OPTIONS https://chronogrammatic-handwritten-kendra.ngrok-free.dev/auth/me
2025-10-08 14:10:28,378 - backend - INFO - [REQUEST] Completed with status 200
2025-10-08 14:13:41,594 - backend - INFO - [REQUEST] Incoming: OPTIONS https://chronogrammatic-handwritten-kendra.ngrok-free.dev/auth/me
2025-10-08 14:13:41,595 - backend - INFO - [REQUEST] Completed with status 200
2025-10-08 14:24:06,986 - backend - INFO - [REQUEST] Incoming: OPTIONS https://chronogrammatic-handwritten-kendra.ngrok-free.dev/auth/me
2025-10-08 14:24:06,989 - backend - INFO - [REQUEST] Completed with status 200
2025-10-08 14:29:42,429 - backend - INFO - [REQUEST] Incoming: OPTIONS https://chronogrammatic-handwritten-kendra.ngrok-free.dev/auth/me
2025-10-08 14:29:42,434 - backend - INFO - [REQUEST] Completed with status 200
2025-10-08 14:33:00,755 - backend - INFO - [REQUEST] Incoming: GET https://chronogrammatic-handwritten-kendra.ngrok-free.dev/
2025-10-08 14:33:00,759 - backend - INFO - [ROOT] Root endpoint accessed
2025-10-08 14:33:00,767 - backend - INFO - [REQUEST] Completed with status 200
2025-10-08 14:33:01,442 - backend - INFO - [REQUEST] Incoming: GET https://chronogrammatic-handwritten-kendra.ngrok-free.dev/favicon.ico
2025-10-08 14:33:01,453 - backend - INFO - [REQUEST] Completed with status 404
2025-10-08 14:33:15,958 - backend - INFO - [REQUEST] Incoming: GET https://chronogrammatic-handwritten-kendra.ngrok-free.dev/docs
2025-10-08 14:33:15,975 - backend - INFO - [REQUEST] Completed with status 200
2025-10-08 14:33:18,378 - backend - INFO - [REQUEST] Incoming: GET https://chronogrammatic-handwritten-kendra.ngrok-free.dev/openapi.json
2025-10-08 14:33:18,775 - backend - INFO - [REQUEST] Completed with status 200
2025-10-08 14:40:59,201 - backend - INFO - [REQUEST] Incoming: POST https://chronogrammatic-handwritten-kendra.ngrok-free.dev/auth/login
2025-10-08 14:40:59,208 - auth - INFO - [LOGIN] Attempt for username: Joseph
2025-10-08 14:40:59,217 - auth - INFO - [LOGIN] DB query done in 0.008s
2025-10-08 14:40:59,511 - auth - INFO - [LOGIN] Password verified in 0.295s
2025-10-08 14:40:59,511 - auth - INFO - [LOGIN] Token created in 0.000s
2025-10-08 14:40:59,511 - auth - INFO - [LOGIN] Total login time: 0.303s
2025-10-08 14:40:59,511 - backend - INFO - [REQUEST] Completed with status 200
2025-10-08 14:41:00,807 - backend - INFO - [REQUEST] Incoming: OPTIONS https://chronogrammatic-handwritten-kendra.ngrok-free.dev/auth/me
2025-10-08 14:41:00,814 - backend - INFO - [REQUEST] Completed with status 200
2025-10-08 14:45:55,649 - backend - INFO - [REQUEST] Incoming: GET https://chronogrammatic-handwritten-kendra.ngrok-free.dev/auth/me
2025-10-08 14:45:55,658 - backend - INFO - [REQUEST] Completed with status 401
2025-10-08 14:49:43,128 - backend - INFO - [REQUEST] Incoming: POST https://chronogrammatic-handwritten-kendra.ngrok-free.dev/auth/login
2025-10-08 14:49:43,132 - auth - INFO - [LOGIN] Attempt for username: Chris
2025-10-08 14:49:43,138 - auth - INFO - [LOGIN] DB query done in 0.006s
2025-10-08 14:49:43,423 - auth - INFO - [LOGIN] Password verified in 0.285s
2025-10-08 14:49:43,439 - auth - INFO - [LOGIN] Token created in 0.016s
2025-10-08 14:49:43,439 - auth - INFO - [LOGIN] Total login time: 0.307s
2025-10-08 14:49:43,439 - backend - INFO - [REQUEST] Completed with status 200
2025-10-08 14:49:47,055 - backend - INFO - [REQUEST] Incoming: OPTIONS https://chronogrammatic-handwritten-kendra.ngrok-free.dev/auth/me
2025-10-08 14:49:47,061 - backend - INFO - [REQUEST] Completed with status 200
2025-10-08 14:50:49,602 - backend - INFO - [REQUEST] Incoming: POST https://chronogrammatic-handwritten-kendra.ngrok-free.dev/auth/login
2025-10-08 14:50:49,603 - auth - INFO - [LOGIN] Attempt for username: Joseph
2025-10-08 14:50:49,608 - auth - INFO - [LOGIN] DB query done in 0.005s
2025-10-08 14:50:49,912 - auth - INFO - [LOGIN] Password verified in 0.301s
2025-10-08 14:50:49,912 - auth - INFO - [LOGIN] Token created in 0.000s
2025-10-08 14:50:49,912 - auth - INFO - [LOGIN] Total login time: 0.308s
2025-10-08 14:50:49,912 - backend - INFO - [REQUEST] Completed with status 200
2025-10-08 14:50:52,560 - backend - INFO - [REQUEST] Incoming: OPTIONS https://chronogrammatic-handwritten-kendra.ngrok-free.dev/auth/me
2025-10-08 14:50:52,561 - backend - INFO - [REQUEST] Completed with status 200
2025-10-09 08:37:11,207 - backend - INFO - [REQUEST] Incoming: POST https://chronogrammatic-handwritten-kendra.ngrok-free.dev/auth/login
2025-10-09 08:37:11,208 - auth - INFO - [LOGIN] Attempt for username: Onunga
2025-10-09 08:37:11,225 - auth - INFO - [LOGIN] DB query done in 0.017s
2025-10-09 08:37:11,228 - auth - WARNING - [LOGIN] User not found.
2025-10-09 08:37:11,229 - auth - ERROR - [LOGIN] Login failed: 401: Invalid username or password
Traceback (most recent call last):
  File "C:\AIHealthTranslator\backend\app\routers\auth.py", line 96, in login
    raise HTTPException(status_code=401, detail="Invalid username or password")
fastapi.exceptions.HTTPException: 401: Invalid username or password
2025-10-09 08:37:11,257 - backend - INFO - [REQUEST] Completed with status 500
2025-10-09 08:37:29,871 - backend - INFO - [REQUEST] Incoming: POST https://chronogrammatic-handwritten-kendra.ngrok-free.dev/auth/login
2025-10-09 08:37:29,873 - auth - INFO - [LOGIN] Attempt for username: Joseph
2025-10-09 08:37:29,879 - auth - INFO - [LOGIN] DB query done in 0.005s
2025-10-09 08:37:30,196 - auth - INFO - [LOGIN] Password verified in 0.316s
2025-10-09 08:37:30,211 - auth - INFO - [LOGIN] Token created in 0.016s
2025-10-09 08:37:30,212 - auth - INFO - [LOGIN] Total login time: 0.339s
2025-10-09 08:37:30,212 - backend - INFO - [REQUEST] Completed with status 200
2025-10-09 08:37:31,618 - backend - INFO - [REQUEST] Incoming: OPTIONS https://chronogrammatic-handwritten-kendra.ngrok-free.dev/auth/me
2025-10-09 08:37:31,620 - backend - INFO - [REQUEST] Completed with status 200
2025-10-09 08:43:32,576 - backend - INFO - [REQUEST] Incoming: GET https://chronogrammatic-handwritten-kendra.ngrok-free.dev/docs
2025-10-09 08:43:32,582 - backend - INFO - [REQUEST] Completed with status 200
2025-10-09 08:43:34,621 - backend - INFO - [REQUEST] Incoming: GET https://chronogrammatic-handwritten-kendra.ngrok-free.dev/openapi.json
2025-10-09 08:43:34,645 - backend - INFO - [REQUEST] Completed with status 200
2025-10-09 08:43:56,980 - backend - INFO - [REQUEST] Incoming: GET https://chronogrammatic-handwritten-kendra.ngrok-free.dev/translate/luo/Doctor
2025-10-09 08:43:58,707 - backend - INFO - [TRANSLATION] Luo: 'Doctor' -> 'Jarany'
2025-10-09 08:43:58,707 - backend - INFO - [REQUEST] Completed with status 200
2025-10-09 08:46:33,931 - backend - INFO - Starting database initialization...
2025-10-09 08:46:33,961 - backend - INFO - Database initialization complete.
2025-10-09 08:46:39,101 - backend - INFO - Luo model and tokenizer loaded successfully.
2025-10-09 08:46:43,256 - backend - INFO - Kiswahili model loaded successfully.
2025-10-09 08:51:06,994 - backend - INFO - [REQUEST] Incoming: POST https://chronogrammatic-handwritten-kendra.ngrok-free.dev/auth/login
2025-10-09 08:51:07,011 - auth - INFO - [LOGIN] Attempt for username: Chris
2025-10-09 08:51:07,020 - auth - INFO - [LOGIN] DB query done in 0.010s
2025-10-09 08:51:07,307 - auth - INFO - [LOGIN] Password verified in 0.286s
2025-10-09 08:51:07,322 - auth - INFO - [LOGIN] Token created in 0.016s
2025-10-09 08:51:07,322 - auth - INFO - [LOGIN] Total login time: 0.312s
2025-10-09 08:51:07,322 - backend - INFO - [REQUEST] Completed with status 200
2025-10-09 08:51:10,197 - backend - INFO - [REQUEST] Incoming: OPTIONS https://chronogrammatic-handwritten-kendra.ngrok-free.dev/auth/me
2025-10-09 08:51:10,199 - backend - INFO - [REQUEST] Completed with status 200
2025-10-09 08:51:31,256 - backend - INFO - [REQUEST] Incoming: POST https://chronogrammatic-handwritten-kendra.ngrok-free.dev/auth/login
2025-10-09 08:51:31,260 - auth - INFO - [LOGIN] Attempt for username: Joseph
2025-10-09 08:51:31,265 - auth - INFO - [LOGIN] DB query done in 0.005s
2025-10-09 08:51:31,556 - auth - INFO - [LOGIN] Password verified in 0.291s
2025-10-09 08:51:31,556 - auth - INFO - [LOGIN] Token created in 0.000s
2025-10-09 08:51:31,556 - auth - INFO - [LOGIN] Total login time: 0.296s
2025-10-09 08:51:31,556 - backend - INFO - [REQUEST] Completed with status 200
2025-10-09 08:51:32,870 - backend - INFO - [REQUEST] Incoming: OPTIONS https://chronogrammatic-handwritten-kendra.ngrok-free.dev/auth/me
2025-10-09 08:51:32,872 - backend - INFO - [REQUEST] Completed with status 200
2025-10-09 09:00:14,312 - backend - INFO - [REQUEST] Incoming: POST https://chronogrammatic-handwritten-kendra.ngrok-free.dev/auth/login
2025-10-09 09:00:14,320 - auth - INFO - [LOGIN] Attempt for username: Chris
2025-10-09 09:00:14,328 - auth - INFO - [LOGIN] DB query done in 0.008s
2025-10-09 09:00:14,710 - auth - INFO - [LOGIN] Password verified in 0.377s
2025-10-09 09:00:14,728 - auth - INFO - [LOGIN] Token created in 0.000s
2025-10-09 09:00:14,728 - auth - INFO - [LOGIN] Total login time: 0.408s
2025-10-09 09:00:14,728 - backend - INFO - [REQUEST] Completed with status 200
2025-10-09 09:01:05,865 - backend - INFO - [REQUEST] Incoming: POST https://chronogrammatic-handwritten-kendra.ngrok-free.dev/auth/login
2025-10-09 09:01:05,882 - auth - INFO - [LOGIN] Attempt for username: Joseph
2025-10-09 09:01:05,889 - auth - INFO - [LOGIN] DB query done in 0.007s
2025-10-09 09:01:06,174 - auth - INFO - [LOGIN] Password verified in 0.283s
2025-10-09 09:01:06,189 - auth - INFO - [LOGIN] Token created in 0.000s
2025-10-09 09:01:06,189 - auth - INFO - [LOGIN] Total login time: 0.307s
2025-10-09 09:01:06,189 - backend - INFO - [REQUEST] Completed with status 200
2025-10-09 09:04:18,737 - backend - INFO - [REQUEST] Incoming: POST https://chronogrammatic-handwritten-kendra.ngrok-free.dev/auth/login
2025-10-09 09:04:18,740 - auth - INFO - [LOGIN] Attempt for username: Cindy
2025-10-09 09:04:18,746 - auth - INFO - [LOGIN] DB query done in 0.006s
2025-10-09 09:04:18,747 - auth - WARNING - [LOGIN] User not found.
2025-10-09 09:04:18,750 - auth - ERROR - [LOGIN] Login failed: 401: Invalid username or password
Traceback (most recent call last):
  File "C:\AIHealthTranslator\backend\app\routers\auth.py", line 96, in login
    raise HTTPException(status_code=401, detail="Invalid username or password")
fastapi.exceptions.HTTPException: 401: Invalid username or password
2025-10-09 09:04:18,765 - backend - INFO - [REQUEST] Completed with status 500
2025-10-09 09:12:09,177 - backend - INFO - [REQUEST] Incoming: OPTIONS https://chronogrammatic-handwritten-kendra.ngrok-free.dev/auth/me
2025-10-09 09:12:09,186 - backend - INFO - [REQUEST] Completed with status 200
2025-10-09 09:21:34,391 - backend - INFO - [REQUEST] Incoming: POST https://chronogrammatic-handwritten-kendra.ngrok-free.dev/auth/login
2025-10-09 09:21:34,407 - auth - INFO - [LOGIN] Attempt for username: Joseph
2025-10-09 09:21:34,419 - auth - INFO - [LOGIN] DB query done in 0.012s
2025-10-09 09:21:34,706 - auth - INFO - [LOGIN] Password verified in 0.286s
2025-10-09 09:21:34,718 - auth - INFO - [LOGIN] Token created in 0.012s
2025-10-09 09:21:34,718 - auth - INFO - [LOGIN] Total login time: 0.311s
2025-10-09 09:21:34,718 - backend - INFO - [REQUEST] Completed with status 200
2025-10-09 09:21:37,158 - backend - INFO - [REQUEST] Incoming: OPTIONS https://chronogrammatic-handwritten-kendra.ngrok-free.dev/auth/me
2025-10-09 09:21:37,159 - backend - INFO - [REQUEST] Completed with status 200
2025-10-09 09:24:03,529 - backend - INFO - [REQUEST] Incoming: OPTIONS https://chronogrammatic-handwritten-kendra.ngrok-free.dev/auth/me
2025-10-09 09:24:03,534 - backend - INFO - [REQUEST] Completed with status 200
2025-10-09 09:27:12,863 - backend - INFO - [REQUEST] Incoming: POST https://chronogrammatic-handwritten-kendra.ngrok-free.dev/auth/login
2025-10-09 09:27:12,867 - auth - INFO - [LOGIN] Attempt for username: Chris
2025-10-09 09:27:12,871 - auth - INFO - [LOGIN] DB query done in 0.004s
2025-10-09 09:27:13,177 - auth - INFO - [LOGIN] Password verified in 0.305s
2025-10-09 09:27:13,177 - auth - INFO - [LOGIN] Token created in 0.000s
2025-10-09 09:27:13,177 - auth - INFO - [LOGIN] Total login time: 0.310s
2025-10-09 09:27:13,177 - backend - INFO - [REQUEST] Completed with status 200
2025-10-09 09:27:15,739 - backend - INFO - [REQUEST] Incoming: OPTIONS https://chronogrammatic-handwritten-kendra.ngrok-free.dev/auth/me
2025-10-09 09:27:15,742 - backend - INFO - [REQUEST] Completed with status 200
2025-10-09 09:30:21,282 - backend - INFO - [REQUEST] Incoming: OPTIONS https://chronogrammatic-handwritten-kendra.ngrok-free.dev/auth/me
2025-10-09 09:30:21,284 - backend - INFO - [REQUEST] Completed with status 200
2025-10-09 09:31:11,754 - backend - INFO - [REQUEST] Incoming: GET http://127.0.0.1:8000/auth/me
2025-10-09 09:31:11,767 - backend - INFO - [REQUEST] Completed with status 401
2025-10-09 09:31:11,835 - backend - INFO - [REQUEST] Incoming: GET http://127.0.0.1:8000/favicon.ico
2025-10-09 09:31:11,840 - backend - INFO - [REQUEST] Completed with status 404
2025-10-09 09:31:49,252 - backend - INFO - [REQUEST] Incoming: GET https://chronogrammatic-handwritten-kendra.ngrok-free.dev/auth/me
2025-10-09 09:31:49,255 - backend - INFO - [REQUEST] Completed with status 401
2025-10-09 09:31:49,956 - backend - INFO - [REQUEST] Incoming: GET https://chronogrammatic-handwritten-kendra.ngrok-free.dev/favicon.ico
2025-10-09 09:31:49,960 - backend - INFO - [REQUEST] Completed with status 404
2025-10-09 09:34:25,015 - backend - INFO - [REQUEST] Incoming: POST https://chronogrammatic-handwritten-kendra.ngrok-free.dev/auth/login
2025-10-09 09:34:25,018 - auth - INFO - [LOGIN] Attempt for username: Chris
2025-10-09 09:34:25,024 - auth - INFO - [LOGIN] DB query done in 0.006s
2025-10-09 09:34:25,322 - auth - INFO - [LOGIN] Password verified in 0.298s
2025-10-09 09:34:25,322 - auth - INFO - [LOGIN] Token created in 0.000s
2025-10-09 09:34:25,322 - auth - INFO - [LOGIN] Total login time: 0.304s
2025-10-09 09:34:25,322 - backend - INFO - [REQUEST] Completed with status 200
2025-10-09 09:37:08,506 - backend - INFO - [REQUEST] Incoming: POST https://chronogrammatic-handwritten-kendra.ngrok-free.dev/auth/login
2025-10-09 09:37:08,510 - auth - INFO - [LOGIN] Attempt for username: cindy
2025-10-09 09:37:08,512 - auth - INFO - [LOGIN] DB query done in 0.003s
2025-10-09 09:37:08,512 - auth - WARNING - [LOGIN] User not found.
2025-10-09 09:37:08,512 - auth - ERROR - [LOGIN] Login failed: 401: Invalid username or password
Traceback (most recent call last):
  File "C:\AIHealthTranslator\backend\app\routers\auth.py", line 96, in login
    raise HTTPException(status_code=401, detail="Invalid username or password")
fastapi.exceptions.HTTPException: 401: Invalid username or password
2025-10-09 09:37:08,526 - backend - INFO - [REQUEST] Completed with status 500
2025-10-09 09:37:30,933 - backend - INFO - [REQUEST] Incoming: OPTIONS https://chronogrammatic-handwritten-kendra.ngrok-free.dev/auth/me
2025-10-09 09:37:30,936 - backend - INFO - [REQUEST] Completed with status 200
2025-10-09 09:41:44,593 - backend - INFO - [REQUEST] Incoming: POST https://chronogrammatic-handwritten-kendra.ngrok-free.dev/auth/login
2025-10-09 09:41:44,596 - auth - INFO - [LOGIN] Attempt for username: Chris
2025-10-09 09:41:44,605 - auth - INFO - [LOGIN] DB query done in 0.009s
2025-10-09 09:41:44,896 - auth - INFO - [LOGIN] Password verified in 0.292s
2025-10-09 09:41:44,896 - auth - INFO - [LOGIN] Token created in 0.000s
2025-10-09 09:41:44,896 - auth - INFO - [LOGIN] Total login time: 0.301s
2025-10-09 09:41:44,906 - backend - INFO - [REQUEST] Completed with status 200
2025-10-09 09:42:17,585 - backend - INFO - [REQUEST] Incoming: GET https://chronogrammatic-handwritten-kendra.ngrok-free.dev/auth/me
2025-10-09 09:42:17,588 - backend - INFO - [REQUEST] Completed with status 401
2025-10-09 09:42:18,489 - backend - INFO - [REQUEST] Incoming: GET https://chronogrammatic-handwritten-kendra.ngrok-free.dev/favicon.ico
2025-10-09 09:42:18,491 - backend - INFO - [REQUEST] Completed with status 404
2025-10-09 09:45:46,493 - backend - INFO - [REQUEST] Incoming: GET https://chronogrammatic-handwritten-kendra.ngrok-free.dev/
2025-10-09 09:45:46,509 - backend - INFO - [ROOT] Root endpoint accessed
2025-10-09 09:45:46,514 - backend - INFO - [REQUEST] Completed with status 200
2025-10-09 09:47:43,853 - backend - INFO - [REQUEST] Incoming: OPTIONS https://chronogrammatic-handwritten-kendra.ngrok-free.dev/auth/me
2025-10-09 09:47:43,853 - backend - INFO - [REQUEST] Completed with status 200
2025-10-09 10:06:19,988 - backend - INFO - [REQUEST] Incoming: GET https://chronogrammatic-handwritten-kendra.ngrok-free.dev/
2025-10-09 10:06:19,994 - backend - INFO - [ROOT] Root endpoint accessed
2025-10-09 10:06:19,996 - backend - INFO - [REQUEST] Completed with status 200
2025-10-09 10:09:06,995 - backend - INFO - [REQUEST] Incoming: OPTIONS https://chronogrammatic-handwritten-kendra.ngrok-free.dev/auth/me
2025-10-09 10:09:06,997 - backend - INFO - [REQUEST] Completed with status 200
2025-10-09 10:16:05,849 - backend - INFO - [REQUEST] Incoming: POST https://chronogrammatic-handwritten-kendra.ngrok-free.dev/auth/login
2025-10-09 10:16:05,852 - auth - INFO - [LOGIN] Attempt for username: Chris
2025-10-09 10:16:05,859 - auth - INFO - [LOGIN] DB query done in 0.007s
2025-10-09 10:16:06,156 - auth - INFO - [LOGIN] Password verified in 0.295s
2025-10-09 10:16:06,156 - auth - INFO - [LOGIN] Token created in 0.000s
2025-10-09 10:16:06,156 - auth - INFO - [LOGIN] Total login time: 0.304s
2025-10-09 10:16:06,156 - backend - INFO - [REQUEST] Completed with status 200
2025-10-09 10:16:08,629 - backend - INFO - [REQUEST] Incoming: OPTIONS https://chronogrammatic-handwritten-kendra.ngrok-free.dev/auth/me
2025-10-09 10:16:08,635 - backend - INFO - [REQUEST] Completed with status 200
2025-10-09 10:18:47,449 - backend - INFO - Starting database initialization...
2025-10-09 10:18:47,480 - backend - INFO - Database initialization complete.
2025-10-09 10:18:52,795 - backend - INFO - Luo model and tokenizer loaded successfully.
2025-10-09 10:18:57,033 - backend - INFO - Kiswahili model loaded successfully.
2025-10-09 10:19:17,028 - backend - INFO - [REQUEST] Incoming: GET http://127.0.0.1:8000/
2025-10-09 10:19:17,028 - backend - INFO - [ROOT] Root endpoint accessed
2025-10-09 10:19:17,044 - backend - INFO - [REQUEST] Completed with status 200
2025-10-09 10:21:00,001 - backend - INFO - [REQUEST] Incoming: GET https://chronogrammatic-handwritten-kendra.ngrok-free.dev/
2025-10-09 10:21:00,005 - backend - INFO - [ROOT] Root endpoint accessed
2025-10-09 10:21:00,007 - backend - INFO - [REQUEST] Completed with status 200
2025-10-09 10:21:47,262 - backend - INFO - [REQUEST] Incoming: GET http://localhost:8000/
2025-10-09 10:21:47,262 - backend - INFO - [ROOT] Root endpoint accessed
2025-10-09 10:21:47,262 - backend - INFO - [REQUEST] Completed with status 200
2025-10-09 10:21:47,402 - backend - INFO - [REQUEST] Incoming: GET http://localhost:8000/favicon.ico
2025-10-09 10:21:47,403 - backend - INFO - [REQUEST] Completed with status 404
2025-10-09 10:22:10,759 - backend - INFO - [REQUEST] Incoming: GET https://chronogrammatic-handwritten-kendra.ngrok-free.dev/
2025-10-09 10:22:10,761 - backend - INFO - [ROOT] Root endpoint accessed
2025-10-09 10:22:10,762 - backend - INFO - [REQUEST] Completed with status 200
2025-10-09 10:22:56,424 - backend - INFO - [REQUEST] Incoming: OPTIONS https://chronogrammatic-handwritten-kendra.ngrok-free.dev/auth/me
2025-10-09 10:22:56,425 - backend - INFO - [REQUEST] Completed with status 200
2025-10-09 10:26:00,610 - backend - INFO - [REQUEST] Incoming: OPTIONS http://localhost:8000/auth/me
2025-10-09 10:26:00,610 - backend - INFO - [REQUEST] Completed with status 200
2025-10-09 10:26:00,625 - backend - INFO - [REQUEST] Incoming: GET http://localhost:8000/auth/me
2025-10-09 10:26:00,662 - auth - INFO - [ME] Current user fetched: Chris
2025-10-09 10:26:00,704 - backend - INFO - [REQUEST] Completed with status 200
2025-10-09 10:26:34,923 - backend - INFO - [REQUEST] Incoming: OPTIONS http://localhost:8000/auth/me
2025-10-09 10:26:34,925 - backend - INFO - [REQUEST] Completed with status 200
2025-10-09 10:26:34,959 - backend - INFO - [REQUEST] Incoming: GET http://localhost:8000/auth/me
2025-10-09 10:26:34,976 - auth - INFO - [ME] Current user fetched: Chris
2025-10-09 10:26:34,976 - backend - INFO - [REQUEST] Completed with status 200
2025-10-09 10:28:25,203 - backend - INFO - [REQUEST] Incoming: OPTIONS http://localhost:8000/translate/sw/medicine
2025-10-09 10:28:25,208 - backend - INFO - [REQUEST] Completed with status 200
2025-10-09 10:28:25,219 - backend - INFO - [REQUEST] Incoming: GET http://localhost:8000/translate/sw/medicine
2025-10-09 10:28:26,858 - backend - INFO - [TRANSLATION] Kiswahili: 'medicine' -> 'dawa'
2025-10-09 10:28:26,858 - backend - INFO - [REQUEST] Completed with status 200
2025-10-09 10:29:58,432 - backend - INFO - [REQUEST] Incoming: POST https://chronogrammatic-handwritten-kendra.ngrok-free.dev/auth/login
2025-10-09 10:29:58,436 - auth - INFO - [LOGIN] Attempt for username: Cindy 
2025-10-09 10:29:58,447 - auth - INFO - [LOGIN] DB query done in 0.011s
2025-10-09 10:29:58,748 - auth - INFO - [LOGIN] Password verified in 0.298s
2025-10-09 10:29:58,748 - auth - INFO - [LOGIN] Token created in 0.000s
2025-10-09 10:29:58,748 - auth - INFO - [LOGIN] Total login time: 0.312s
2025-10-09 10:29:58,748 - backend - INFO - [REQUEST] Completed with status 200
2025-10-09 10:29:59,673 - backend - INFO - [REQUEST] Incoming: OPTIONS https://chronogrammatic-handwritten-kendra.ngrok-free.dev/auth/me
2025-10-09 10:29:59,676 - backend - INFO - [REQUEST] Completed with status 200
2025-10-09 10:31:51,702 - backend - INFO - [REQUEST] Incoming: POST https://chronogrammatic-handwritten-kendra.ngrok-free.dev/auth/login
2025-10-09 10:31:51,705 - auth - INFO - [LOGIN] Attempt for username: Joseph
2025-10-09 10:31:51,709 - auth - INFO - [LOGIN] DB query done in 0.005s
2025-10-09 10:31:51,998 - auth - INFO - [LOGIN] Password verified in 0.289s
2025-10-09 10:31:51,998 - auth - INFO - [LOGIN] Token created in 0.000s
2025-10-09 10:31:52,009 - auth - INFO - [LOGIN] Total login time: 0.304s
2025-10-09 10:31:52,009 - backend - INFO - [REQUEST] Completed with status 200
2025-10-09 10:31:53,218 - backend - INFO - [REQUEST] Incoming: OPTIONS https://chronogrammatic-handwritten-kendra.ngrok-free.dev/auth/me
2025-10-09 10:31:53,221 - backend - INFO - [REQUEST] Completed with status 200
2025-10-09 10:32:07,501 - backend - INFO - [REQUEST] Incoming: GET http://localhost:8000/auth/me
2025-10-09 10:32:07,524 - auth - INFO - [ME] Current user fetched: Chris
2025-10-09 10:32:07,531 - backend - INFO - [REQUEST] Completed with status 200
2025-10-19 08:36:54,339 - backend - INFO - Starting database initialization...
2025-10-19 08:36:54,384 - backend - INFO - Database initialization complete.
2025-10-19 08:37:26,855 - backend - INFO - Luo model and tokenizer loaded successfully.
2025-10-19 08:37:33,531 - backend - INFO - Kiswahili model loaded successfully.
2025-10-19 08:38:53,418 - backend - INFO - [REQUEST] Incoming: POST http://localhost:8000/auth/login
2025-10-19 08:38:53,428 - auth - INFO - [LOGIN] Attempt for username: Chris
2025-10-19 08:38:53,444 - auth - INFO - [LOGIN] DB query done in 0.016s
2025-10-19 08:38:54,594 - auth - INFO - [LOGIN] Password verified in 1.148s
2025-10-19 08:38:54,594 - auth - INFO - [LOGIN] Token created in 0.000s
2025-10-19 08:38:54,594 - auth - INFO - [LOGIN] Total login time: 1.166s
2025-10-19 08:38:54,608 - backend - INFO - [REQUEST] Completed with status 200
2025-10-19 08:38:58,468 - backend - INFO - [REQUEST] Incoming: OPTIONS http://localhost:8000/auth/me
2025-10-19 08:38:58,470 - backend - INFO - [REQUEST] Completed with status 200
2025-10-19 08:38:58,476 - backend - INFO - [REQUEST] Incoming: GET http://localhost:8000/auth/me
2025-10-19 08:38:58,481 - auth - INFO - [ME] Current user fetched: Chris
2025-10-19 08:38:58,507 - backend - INFO - [REQUEST] Completed with status 200
2025-10-19 08:39:53,812 - backend - INFO - [REQUEST] Incoming: OPTIONS http://localhost:8000/translate/luo/Medicine
2025-10-19 08:39:53,816 - backend - INFO - [REQUEST] Completed with status 200
2025-10-19 08:39:53,837 - backend - INFO - [REQUEST] Incoming: GET http://localhost:8000/translate/luo/Medicine
2025-10-19 08:39:59,093 - backend - INFO - [TRANSLATION] Luo: 'Medicine' -> 'Yath'
2025-10-19 08:39:59,096 - backend - INFO - [REQUEST] Completed with status 200
2025-10-19 08:40:06,535 - backend - INFO - [REQUEST] Incoming: OPTIONS http://localhost:8000/translate/sw/Medicine
2025-10-19 08:40:06,540 - backend - INFO - [REQUEST] Completed with status 200
2025-10-19 08:40:06,561 - backend - INFO - [REQUEST] Incoming: GET http://localhost:8000/translate/sw/Medicine
2025-10-19 08:40:06,958 - backend - INFO - [TRANSLATION] Kiswahili: 'Medicine' -> 'Dawa'
2025-10-19 08:40:06,960 - backend - INFO - [REQUEST] Completed with status 200
2025-10-19 09:36:53,975 - backend - INFO - Starting database initialization...
2025-10-19 09:36:54,003 - backend - INFO - Database initialization complete.
2025-10-19 09:36:57,567 - backend - INFO - Luo model and tokenizer loaded successfully.
2025-10-19 09:37:01,344 - backend - INFO - Kiswahili model loaded successfully.
2025-10-23 12:07:52,234 - backend - INFO - Starting database initialization...
2025-10-23 12:07:52,275 - backend - INFO - Database initialization complete.
2025-10-23 12:07:58,913 - backend - INFO - Luo model and tokenizer loaded successfully.
2025-10-23 12:08:03,314 - backend - INFO - Kiswahili model loaded successfully.
2025-10-24 09:34:42,849 - backend - INFO - [REQUEST] Incoming: POST http://localhost:8000/auth/login
2025-10-24 09:34:42,955 - auth - INFO - [LOGIN] Attempt for username: Chris
2025-10-24 09:34:43,086 - auth - INFO - [LOGIN] DB query done in 0.131s
2025-10-24 09:34:43,625 - auth - INFO - [LOGIN] Password verified in 0.536s
2025-10-24 09:34:43,625 - auth - INFO - [LOGIN] Token created in 0.000s
2025-10-24 09:34:43,625 - auth - INFO - [LOGIN] Total login time: 0.671s
2025-10-24 09:34:43,644 - backend - INFO - [REQUEST] Completed with status 200
2025-10-24 09:34:47,671 - backend - INFO - [REQUEST] Incoming: OPTIONS http://localhost:8000/auth/me
2025-10-24 09:34:47,671 - backend - INFO - [REQUEST] Completed with status 200
2025-10-24 09:34:47,671 - backend - INFO - [REQUEST] Incoming: GET http://localhost:8000/auth/me
2025-10-24 09:34:47,692 - auth - INFO - [ME] Current user fetched: Chris
2025-10-24 09:34:47,767 - backend - INFO - [REQUEST] Completed with status 200
2025-10-24 09:34:59,104 - backend - INFO - [REQUEST] Incoming: OPTIONS http://localhost:8000/translate/sw/Medicine
2025-10-24 09:34:59,108 - backend - INFO - [REQUEST] Completed with status 200
2025-10-24 09:34:59,113 - backend - INFO - [REQUEST] Incoming: GET http://localhost:8000/translate/sw/Medicine
2025-10-24 09:35:04,994 - backend - INFO - [TRANSLATION] Kiswahili: 'Medicine' -> 'Dawa'
2025-10-24 09:35:05,009 - backend - INFO - [REQUEST] Completed with status 200
2025-10-24 12:15:41,805 - backend - INFO - [REQUEST] Incoming: POST http://localhost:8000/auth/login
2025-10-24 12:15:41,960 - auth - INFO - [LOGIN] Attempt for username: Joseph
2025-10-24 12:15:42,464 - auth - INFO - [LOGIN] DB query done in 0.505s
2025-10-24 12:15:42,798 - auth - INFO - [LOGIN] Password verified in 0.334s
2025-10-24 12:15:42,798 - auth - INFO - [LOGIN] Token created in 0.000s
2025-10-24 12:15:42,798 - auth - INFO - [LOGIN] Total login time: 0.838s
2025-10-24 12:15:42,817 - backend - INFO - [REQUEST] Completed with status 200
2025-10-24 12:15:44,108 - backend - INFO - [REQUEST] Incoming: OPTIONS http://localhost:8000/auth/me
2025-10-24 12:15:44,130 - backend - INFO - [REQUEST] Completed with status 200
2025-10-24 12:15:44,140 - backend - INFO - [REQUEST] Incoming: GET http://localhost:8000/auth/me
2025-10-24 12:15:44,163 - auth - INFO - [ME] Current user fetched: Joseph
2025-10-24 12:15:44,208 - backend - INFO - [REQUEST] Completed with status 200
2025-10-27 09:42:23,115 - backend - INFO - [REQUEST] Incoming: POST http://localhost:8000/auth/login
2025-10-27 09:42:23,181 - auth - INFO - [LOGIN] Attempt for username: Joseph
2025-10-27 09:42:23,231 - auth - INFO - [LOGIN] DB query done in 0.050s
2025-10-27 09:42:23,534 - auth - INFO - [LOGIN] Password verified in 0.302s
2025-10-27 09:42:23,534 - auth - INFO - [LOGIN] Token created in 0.000s
2025-10-27 09:42:23,534 - auth - INFO - [LOGIN] Total login time: 0.353s
2025-10-27 09:42:23,549 - backend - INFO - [REQUEST] Completed with status 200
2025-10-27 09:42:24,260 - backend - INFO - [REQUEST] Incoming: OPTIONS http://localhost:8000/auth/me
2025-10-27 09:42:24,274 - backend - INFO - [REQUEST] Completed with status 200
2025-10-27 09:42:24,278 - backend - INFO - [REQUEST] Incoming: GET http://localhost:8000/auth/me
2025-10-27 09:42:24,284 - auth - INFO - [ME] Current user fetched: Joseph
2025-10-27 09:42:24,291 - backend - INFO - [REQUEST] Completed with status 200
2025-10-28 17:27:14,920 - backend - INFO - Starting database initialization...
2025-10-28 17:27:14,964 - backend - INFO - Database initialization complete.
2025-10-28 17:27:19,837 - backend - INFO - Luo model and tokenizer loaded successfully.
2025-10-28 17:27:24,142 - backend - INFO - Kiswahili model loaded successfully.
2025-10-28 17:39:53,970 - backend - INFO - [REQUEST] Incoming: POST http://localhost:8000/auth/login
2025-10-28 17:39:53,985 - auth - INFO - [LOGIN] Attempt for username: Joseph
2025-10-28 17:39:54,025 - auth - INFO - [LOGIN] DB query done in 0.040s
2025-10-28 17:39:54,681 - auth - INFO - [LOGIN] Password verified in 0.655s
2025-10-28 17:39:54,681 - auth - INFO - [LOGIN] Token created in 0.000s
2025-10-28 17:39:54,681 - auth - INFO - [LOGIN] Total login time: 0.695s
2025-10-28 17:39:54,696 - backend - INFO - [REQUEST] Completed with status 200
2025-10-28 17:39:57,564 - backend - INFO - [REQUEST] Incoming: OPTIONS http://localhost:8000/auth/me
2025-10-28 17:39:57,564 - backend - INFO - [REQUEST] Completed with status 200
2025-10-28 17:39:57,564 - backend - INFO - [REQUEST] Incoming: GET http://localhost:8000/auth/me
2025-10-28 17:39:57,574 - auth - INFO - [ME] Current user fetched: Joseph
2025-10-28 17:39:57,589 - backend - INFO - [REQUEST] Completed with status 200
2025-10-28 17:40:11,390 - backend - INFO - [REQUEST] Incoming: OPTIONS http://localhost:8000/translate/sw/Talk
2025-10-28 17:40:11,390 - backend - INFO - [REQUEST] Completed with status 200
2025-10-28 17:40:11,405 - backend - INFO - [REQUEST] Incoming: GET http://localhost:8000/translate/sw/Talk
2025-10-28 17:40:13,895 - backend - INFO - [TRANSLATION] Kiswahili: 'Talk' -> 'Zungumza'
2025-10-28 17:40:13,895 - backend - INFO - [REQUEST] Completed with status 200
2025-10-30 21:44:05,352 - backend - INFO - Starting database initialization...
2025-10-30 21:44:05,383 - backend - INFO - Database initialization complete.
2025-10-30 21:44:10,582 - backend - INFO - Luo model and tokenizer loaded successfully.
2025-10-30 21:44:16,811 - backend - INFO - Kiswahili model loaded successfully.
2025-10-30 21:46:00,009 - backend - INFO - [REQUEST] Incoming: POST http://localhost:8000/auth/login
2025-10-30 21:46:00,061 - auth - INFO - [LOGIN] Attempt for username: Joseph
2025-10-30 21:46:00,178 - auth - INFO - [LOGIN] DB query done in 0.118s
2025-10-30 21:46:00,844 - auth - INFO - [LOGIN] Password verified in 0.665s
2025-10-30 21:46:00,861 - auth - INFO - [LOGIN] Token created in 0.017s
2025-10-30 21:46:00,861 - auth - INFO - [LOGIN] Total login time: 0.800s
2025-10-30 21:46:00,869 - backend - INFO - [REQUEST] Completed with status 200
2025-10-30 21:46:03,721 - backend - INFO - [REQUEST] Incoming: OPTIONS http://localhost:8000/auth/me
2025-10-30 21:46:03,723 - backend - INFO - [REQUEST] Completed with status 200
2025-10-30 21:46:03,733 - backend - INFO - [REQUEST] Incoming: GET http://localhost:8000/auth/me
2025-10-30 21:46:03,740 - auth - INFO - [ME] Current user fetched: Joseph
2025-10-30 21:46:03,784 - backend - INFO - [REQUEST] Completed with status 200
2025-10-30 21:46:22,449 - backend - INFO - [REQUEST] Incoming: OPTIONS http://localhost:8000/translate/sw/Let us talk
2025-10-30 21:46:22,451 - backend - INFO - [REQUEST] Completed with status 200
2025-10-30 21:46:22,465 - backend - INFO - [REQUEST] Incoming: GET http://localhost:8000/translate/sw/Let us talk
2025-10-30 21:46:25,322 - backend - INFO - [TRANSLATION] Kiswahili: 'Let us talk' -> 'Acheni tuongee'
2025-10-30 21:46:25,322 - backend - INFO - [REQUEST] Completed with status 200
2025-10-30 21:46:33,099 - backend - INFO - [REQUEST] Incoming: OPTIONS http://localhost:8000/translate/luo/Let us talk
2025-10-30 21:46:33,099 - backend - INFO - [REQUEST] Completed with status 200
2025-10-30 21:46:33,115 - backend - INFO - [REQUEST] Incoming: GET http://localhost:8000/translate/luo/Let us talk
2025-10-30 21:46:33,812 - backend - INFO - [TRANSLATION] Luo: 'Let us talk' -> 'Acheni tuzungumzie'
2025-10-30 21:46:33,813 - backend - INFO - [REQUEST] Completed with status 200
2025-10-30 21:46:51,408 - backend - INFO - [REQUEST] Incoming: OPTIONS http://localhost:8000/translate/sw/Medicine
2025-10-30 21:46:51,412 - backend - INFO - [REQUEST] Completed with status 200
2025-10-30 21:46:51,423 - backend - INFO - [REQUEST] Incoming: GET http://localhost:8000/translate/sw/Medicine
2025-10-30 21:46:51,620 - backend - INFO - [TRANSLATION] Kiswahili: 'Medicine' -> 'Dawa'
2025-10-30 21:46:51,621 - backend - INFO - [REQUEST] Completed with status 200
2025-10-30 21:46:57,222 - backend - INFO - [REQUEST] Incoming: OPTIONS http://localhost:8000/translate/luo/Medicine
2025-10-30 21:46:57,222 - backend - INFO - [REQUEST] Completed with status 200
2025-10-30 21:46:57,245 - backend - INFO - [REQUEST] Incoming: GET http://localhost:8000/translate/luo/Medicine
2025-10-30 21:46:57,630 - backend - INFO - [TRANSLATION] Luo: 'Medicine' -> 'Yath'
2025-10-30 21:46:57,630 - backend - INFO - [REQUEST] Completed with status 200
2025-10-31 08:38:14,832 - backend - INFO - [REQUEST] Incoming: POST http://localhost:8000/auth/login
2025-10-31 08:38:14,968 - auth - INFO - [LOGIN] Attempt for username: onungachristopher363@gmail.com
2025-10-31 08:38:15,084 - auth - INFO - [LOGIN] DB query done in 0.116s
2025-10-31 08:38:15,084 - auth - WARNING - [LOGIN] User not found.
2025-10-31 08:38:15,084 - auth - ERROR - [LOGIN] Login failed: 401: Invalid username or password
Traceback (most recent call last):
  File "C:\AIHealthTranslator\backend\app\routers\auth.py", line 96, in login
    raise HTTPException(status_code=401, detail="Invalid username or password")
fastapi.exceptions.HTTPException: 401: Invalid username or password
2025-10-31 08:38:15,196 - backend - INFO - [REQUEST] Completed with status 500
2025-10-31 08:38:23,648 - backend - INFO - [REQUEST] Incoming: POST http://localhost:8000/auth/login
2025-10-31 08:38:23,652 - auth - INFO - [LOGIN] Attempt for username: Chris
2025-10-31 08:38:23,665 - auth - INFO - [LOGIN] DB query done in 0.013s
2025-10-31 08:38:24,017 - auth - INFO - [LOGIN] Password verified in 0.352s
2025-10-31 08:38:24,017 - auth - INFO - [LOGIN] Token created in 0.000s
2025-10-31 08:38:24,017 - auth - INFO - [LOGIN] Total login time: 0.365s
2025-10-31 08:38:24,034 - backend - INFO - [REQUEST] Completed with status 200
2025-10-31 08:38:25,152 - backend - INFO - [REQUEST] Incoming: OPTIONS http://localhost:8000/auth/me
2025-10-31 08:38:25,155 - backend - INFO - [REQUEST] Completed with status 200
2025-10-31 08:38:25,171 - backend - INFO - [REQUEST] Incoming: GET http://localhost:8000/auth/me
2025-10-31 08:38:25,206 - auth - INFO - [ME] Current user fetched: Chris
2025-10-31 08:38:25,229 - backend - INFO - [REQUEST] Completed with status 200
2025-10-31 09:06:30,309 - backend - INFO - [REQUEST] Incoming: POST http://localhost:8000/auth/login
2025-10-31 09:06:30,315 - auth - INFO - [LOGIN] Attempt for username: Chris
2025-10-31 09:06:30,319 - auth - INFO - [LOGIN] DB query done in 0.004s
2025-10-31 09:06:30,689 - auth - INFO - [LOGIN] Password verified in 0.366s
2025-10-31 09:06:30,690 - auth - INFO - [LOGIN] Token created in 0.000s
2025-10-31 09:06:30,691 - auth - INFO - [LOGIN] Total login time: 0.376s
2025-10-31 09:06:30,704 - backend - INFO - [REQUEST] Completed with status 200
2025-10-31 09:06:34,369 - backend - INFO - [REQUEST] Incoming: OPTIONS http://localhost:8000/auth/me
2025-10-31 09:06:34,374 - backend - INFO - [REQUEST] Completed with status 200
2025-10-31 09:06:34,391 - backend - INFO - [REQUEST] Incoming: GET http://localhost:8000/auth/me
2025-10-31 09:06:34,434 - auth - INFO - [ME] Current user fetched: Chris
2025-10-31 09:06:34,454 - backend - INFO - [REQUEST] Completed with status 200
2025-10-31 09:06:46,982 - backend - INFO - [REQUEST] Incoming: OPTIONS http://localhost:8000/translate/sw/Medicine
2025-10-31 09:06:46,984 - backend - INFO - [REQUEST] Completed with status 200
2025-10-31 09:06:46,988 - backend - INFO - [REQUEST] Incoming: GET http://localhost:8000/translate/sw/Medicine
2025-10-31 09:06:49,754 - backend - INFO - [TRANSLATION] Kiswahili: 'Medicine' -> 'Dawa'
2025-10-31 09:06:49,758 - backend - INFO - [REQUEST] Completed with status 200
2025-11-09 21:09:03,903 - backend - INFO - Starting database initialization...
2025-11-09 21:09:03,946 - backend - INFO - Database initialization complete.
2025-11-09 21:09:09,863 - backend - INFO - Luo model and tokenizer loaded successfully.
2025-11-09 21:09:09,894 - huggingface_hub.utils._http - WARNING - '(MaxRetryError('HTTPSConnectionPool(host=\'huggingface.co\', port=443): Max retries exceeded with url: /Helsinki-NLP/opus-mt-en-sw/resolve/main/tokenizer_config.json (Caused by NameResolutionError("<urllib3.connection.HTTPSConnection object at 0x000002717801D1B0>: Failed to resolve \'huggingface.co\' ([Errno 11001] getaddrinfo failed)"))'), '(Request ID: ed377f0a-7757-4cbb-990b-03b2df2f2b8a)')' thrown while requesting HEAD https://huggingface.co/Helsinki-NLP/opus-mt-en-sw/resolve/main/tokenizer_config.json
2025-11-09 21:09:09,899 - huggingface_hub.utils._http - WARNING - Retrying in 1s [Retry 1/5].
2025-11-09 21:09:10,919 - huggingface_hub.utils._http - WARNING - '(MaxRetryError('HTTPSConnectionPool(host=\'huggingface.co\', port=443): Max retries exceeded with url: /Helsinki-NLP/opus-mt-en-sw/resolve/main/tokenizer_config.json (Caused by NameResolutionError("<urllib3.connection.HTTPSConnection object at 0x000002717801D5D0>: Failed to resolve \'huggingface.co\' ([Errno 11001] getaddrinfo failed)"))'), '(Request ID: 0f840a67-87ed-4149-a5ce-f92c7d706160)')' thrown while requesting HEAD https://huggingface.co/Helsinki-NLP/opus-mt-en-sw/resolve/main/tokenizer_config.json
2025-11-09 21:09:10,924 - huggingface_hub.utils._http - WARNING - Retrying in 2s [Retry 2/5].
2025-11-09 21:09:12,946 - huggingface_hub.utils._http - WARNING - '(MaxRetryError('HTTPSConnectionPool(host=\'huggingface.co\', port=443): Max retries exceeded with url: /Helsinki-NLP/opus-mt-en-sw/resolve/main/tokenizer_config.json (Caused by NameResolutionError("<urllib3.connection.HTTPSConnection object at 0x000002717801D930>: Failed to resolve \'huggingface.co\' ([Errno 11001] getaddrinfo failed)"))'), '(Request ID: 617a6d63-7d8e-4b7b-9b59-d89a9b189727)')' thrown while requesting HEAD https://huggingface.co/Helsinki-NLP/opus-mt-en-sw/resolve/main/tokenizer_config.json
2025-11-09 21:09:12,948 - huggingface_hub.utils._http - WARNING - Retrying in 4s [Retry 3/5].
2025-11-09 21:09:16,970 - huggingface_hub.utils._http - WARNING - '(MaxRetryError('HTTPSConnectionPool(host=\'huggingface.co\', port=443): Max retries exceeded with url: /Helsinki-NLP/opus-mt-en-sw/resolve/main/tokenizer_config.json (Caused by NameResolutionError("<urllib3.connection.HTTPSConnection object at 0x000002717801DC90>: Failed to resolve \'huggingface.co\' ([Errno 11001] getaddrinfo failed)"))'), '(Request ID: d380edc8-aea8-4ea1-8a2e-a9f22f3c01cd)')' thrown while requesting HEAD https://huggingface.co/Helsinki-NLP/opus-mt-en-sw/resolve/main/tokenizer_config.json
2025-11-09 21:09:16,975 - huggingface_hub.utils._http - WARNING - Retrying in 8s [Retry 4/5].
2025-11-09 21:09:24,990 - huggingface_hub.utils._http - WARNING - '(MaxRetryError('HTTPSConnectionPool(host=\'huggingface.co\', port=443): Max retries exceeded with url: /Helsinki-NLP/opus-mt-en-sw/resolve/main/tokenizer_config.json (Caused by NameResolutionError("<urllib3.connection.HTTPSConnection object at 0x000002717801DE10>: Failed to resolve \'huggingface.co\' ([Errno 11001] getaddrinfo failed)"))'), '(Request ID: 1b76bdbd-0e00-4c99-9338-72be44d81236)')' thrown while requesting HEAD https://huggingface.co/Helsinki-NLP/opus-mt-en-sw/resolve/main/tokenizer_config.json
2025-11-09 21:09:25,010 - huggingface_hub.utils._http - WARNING - Retrying in 8s [Retry 5/5].
2025-11-09 21:09:33,036 - huggingface_hub.utils._http - WARNING - '(MaxRetryError('HTTPSConnectionPool(host=\'huggingface.co\', port=443): Max retries exceeded with url: /Helsinki-NLP/opus-mt-en-sw/resolve/main/tokenizer_config.json (Caused by NameResolutionError("<urllib3.connection.HTTPSConnection object at 0x000002717801D7B0>: Failed to resolve \'huggingface.co\' ([Errno 11001] getaddrinfo failed)"))'), '(Request ID: ab302b46-c896-4209-81a4-a14ccb7512a5)')' thrown while requesting HEAD https://huggingface.co/Helsinki-NLP/opus-mt-en-sw/resolve/main/tokenizer_config.json
2025-11-09 21:09:33,747 - huggingface_hub.utils._http - WARNING - '(MaxRetryError('HTTPSConnectionPool(host=\'huggingface.co\', port=443): Max retries exceeded with url: /Helsinki-NLP/opus-mt-en-sw/resolve/main/config.json (Caused by NameResolutionError("<urllib3.connection.HTTPSConnection object at 0x000002717801DF60>: Failed to resolve \'huggingface.co\' ([Errno 11001] getaddrinfo failed)"))'), '(Request ID: 02e0c86a-fc9b-4dee-ab6f-433aa2da793e)')' thrown while requesting HEAD https://huggingface.co/Helsinki-NLP/opus-mt-en-sw/resolve/main/config.json
2025-11-09 21:09:33,750 - huggingface_hub.utils._http - WARNING - Retrying in 1s [Retry 1/5].
2025-11-09 21:09:34,764 - huggingface_hub.utils._http - WARNING - '(MaxRetryError('HTTPSConnectionPool(host=\'huggingface.co\', port=443): Max retries exceeded with url: /Helsinki-NLP/opus-mt-en-sw/resolve/main/config.json (Caused by NameResolutionError("<urllib3.connection.HTTPSConnection object at 0x000002717801E290>: Failed to resolve \'huggingface.co\' ([Errno 11001] getaddrinfo failed)"))'), '(Request ID: 07aa8919-b3ca-47b9-a7ef-56d0fe9bf543)')' thrown while requesting HEAD https://huggingface.co/Helsinki-NLP/opus-mt-en-sw/resolve/main/config.json
2025-11-09 21:09:34,768 - huggingface_hub.utils._http - WARNING - Retrying in 2s [Retry 2/5].
2025-11-09 21:09:36,780 - huggingface_hub.utils._http - WARNING - '(MaxRetryError('HTTPSConnectionPool(host=\'huggingface.co\', port=443): Max retries exceeded with url: /Helsinki-NLP/opus-mt-en-sw/resolve/main/config.json (Caused by NameResolutionError("<urllib3.connection.HTTPSConnection object at 0x000002717801E5C0>: Failed to resolve \'huggingface.co\' ([Errno 11001] getaddrinfo failed)"))'), '(Request ID: 86d17484-1508-46fb-af35-8c2cac42d82c)')' thrown while requesting HEAD https://huggingface.co/Helsinki-NLP/opus-mt-en-sw/resolve/main/config.json
2025-11-09 21:09:36,785 - huggingface_hub.utils._http - WARNING - Retrying in 4s [Retry 3/5].
2025-11-09 21:09:40,894 - huggingface_hub.utils._http - WARNING - '(MaxRetryError('HTTPSConnectionPool(host=\'huggingface.co\', port=443): Max retries exceeded with url: /Helsinki-NLP/opus-mt-en-sw/resolve/main/config.json (Caused by NameResolutionError("<urllib3.connection.HTTPSConnection object at 0x000002717801E920>: Failed to resolve \'huggingface.co\' ([Errno 11001] getaddrinfo failed)"))'), '(Request ID: 7e724db4-ecd4-4483-921c-eea434dab126)')' thrown while requesting HEAD https://huggingface.co/Helsinki-NLP/opus-mt-en-sw/resolve/main/config.json
2025-11-09 21:09:41,193 - huggingface_hub.utils._http - WARNING - Retrying in 8s [Retry 4/5].
2025-11-09 21:09:49,561 - huggingface_hub.utils._http - WARNING - '(MaxRetryError('HTTPSConnectionPool(host=\'huggingface.co\', port=443): Max retries exceeded with url: /Helsinki-NLP/opus-mt-en-sw/resolve/main/config.json (Caused by NameResolutionError("<urllib3.connection.HTTPSConnection object at 0x000002717801EC80>: Failed to resolve \'huggingface.co\' ([Errno 11001] getaddrinfo failed)"))'), '(Request ID: 40d582e7-8d3c-4eed-aa96-a259e0bf1a36)')' thrown while requesting HEAD https://huggingface.co/Helsinki-NLP/opus-mt-en-sw/resolve/main/config.json
2025-11-09 21:09:49,888 - huggingface_hub.utils._http - WARNING - Retrying in 8s [Retry 5/5].
2025-11-09 21:09:58,233 - huggingface_hub.utils._http - WARNING - '(MaxRetryError('HTTPSConnectionPool(host=\'huggingface.co\', port=443): Max retries exceeded with url: /Helsinki-NLP/opus-mt-en-sw/resolve/main/config.json (Caused by NameResolutionError("<urllib3.connection.HTTPSConnection object at 0x000002717801EFE0>: Failed to resolve \'huggingface.co\' ([Errno 11001] getaddrinfo failed)"))'), '(Request ID: 24f55719-1194-47ef-8057-55ef7cd7e84f)')' thrown while requesting HEAD https://huggingface.co/Helsinki-NLP/opus-mt-en-sw/resolve/main/config.json
2025-11-09 21:09:58,248 - huggingface_hub.utils._http - WARNING - '(MaxRetryError('HTTPSConnectionPool(host=\'huggingface.co\', port=443): Max retries exceeded with url: /Helsinki-NLP/opus-mt-en-sw/resolve/main/config.json (Caused by NameResolutionError("<urllib3.connection.HTTPSConnection object at 0x000002717801EE90>: Failed to resolve \'huggingface.co\' ([Errno 11001] getaddrinfo failed)"))'), '(Request ID: 828c9460-8869-4012-8202-0fc5fc9af759)')' thrown while requesting HEAD https://huggingface.co/Helsinki-NLP/opus-mt-en-sw/resolve/main/config.json
2025-11-09 21:09:58,280 - huggingface_hub.utils._http - WARNING - Retrying in 1s [Retry 1/5].
2025-11-09 21:09:59,339 - huggingface_hub.utils._http - WARNING - '(MaxRetryError('HTTPSConnectionPool(host=\'huggingface.co\', port=443): Max retries exceeded with url: /Helsinki-NLP/opus-mt-en-sw/resolve/main/config.json (Caused by NameResolutionError("<urllib3.connection.HTTPSConnection object at 0x000002717801EB30>: Failed to resolve \'huggingface.co\' ([Errno 11001] getaddrinfo failed)"))'), '(Request ID: 578b72b3-2d1a-4440-8ece-977707c96ec3)')' thrown while requesting HEAD https://huggingface.co/Helsinki-NLP/opus-mt-en-sw/resolve/main/config.json
2025-11-09 21:09:59,365 - huggingface_hub.utils._http - WARNING - Retrying in 2s [Retry 2/5].
2025-11-09 21:10:01,395 - huggingface_hub.utils._http - WARNING - '(MaxRetryError('HTTPSConnectionPool(host=\'huggingface.co\', port=443): Max retries exceeded with url: /Helsinki-NLP/opus-mt-en-sw/resolve/main/config.json (Caused by NameResolutionError("<urllib3.connection.HTTPSConnection object at 0x000002717801E7D0>: Failed to resolve \'huggingface.co\' ([Errno 11001] getaddrinfo failed)"))'), '(Request ID: 41fff0a6-1ef5-4c5c-b56c-9f9a1c3f4b38)')' thrown while requesting HEAD https://huggingface.co/Helsinki-NLP/opus-mt-en-sw/resolve/main/config.json
2025-11-09 21:10:01,501 - huggingface_hub.utils._http - WARNING - Retrying in 4s [Retry 3/5].
2025-11-09 21:10:05,699 - huggingface_hub.utils._http - WARNING - '(MaxRetryError('HTTPSConnectionPool(host=\'huggingface.co\', port=443): Max retries exceeded with url: /Helsinki-NLP/opus-mt-en-sw/resolve/main/config.json (Caused by NameResolutionError("<urllib3.connection.HTTPSConnection object at 0x000002717801E470>: Failed to resolve \'huggingface.co\' ([Errno 11001] getaddrinfo failed)"))'), '(Request ID: 89618658-42ed-4703-9e42-41aeef370fe2)')' thrown while requesting HEAD https://huggingface.co/Helsinki-NLP/opus-mt-en-sw/resolve/main/config.json
2025-11-09 21:10:05,820 - huggingface_hub.utils._http - WARNING - Retrying in 8s [Retry 4/5].
2025-11-09 21:10:13,994 - huggingface_hub.utils._http - WARNING - '(MaxRetryError('HTTPSConnectionPool(host=\'huggingface.co\', port=443): Max retries exceeded with url: /Helsinki-NLP/opus-mt-en-sw/resolve/main/config.json (Caused by NameResolutionError("<urllib3.connection.HTTPSConnection object at 0x000002717801E140>: Failed to resolve \'huggingface.co\' ([Errno 11001] getaddrinfo failed)"))'), '(Request ID: bc88f61c-4f25-445e-924a-5f0ca56609d2)')' thrown while requesting HEAD https://huggingface.co/Helsinki-NLP/opus-mt-en-sw/resolve/main/config.json
2025-11-09 21:10:14,053 - huggingface_hub.utils._http - WARNING - Retrying in 8s [Retry 5/5].
2025-11-09 21:10:22,065 - huggingface_hub.utils._http - WARNING - '(MaxRetryError('HTTPSConnectionPool(host=\'huggingface.co\', port=443): Max retries exceeded with url: /Helsinki-NLP/opus-mt-en-sw/resolve/main/config.json (Caused by NameResolutionError("<urllib3.connection.HTTPSConnection object at 0x000002717801DEA0>: Failed to resolve \'huggingface.co\' ([Errno 11001] getaddrinfo failed)"))'), '(Request ID: d481ad2e-bc2d-46c7-9a60-8276679a6154)')' thrown while requesting HEAD https://huggingface.co/Helsinki-NLP/opus-mt-en-sw/resolve/main/config.json
2025-11-09 21:10:22,077 - backend - ERROR - Failed to load Kiswahili model/tokenizer: HTTPSConnectionPool(host='huggingface.co', port=443): Max retries exceeded with url: /Helsinki-NLP/opus-mt-en-sw/resolve/main/model.safetensors (Caused by NameResolutionError("<urllib3.connection.HTTPSConnection object at 0x000002717801F6A0>: Failed to resolve 'huggingface.co' ([Errno 11001] getaddrinfo failed)"))
Traceback (most recent call last):
  File "C:\AIHealthTranslator\venv310\lib\site-packages\urllib3\connection.py", line 198, in _new_conn
    sock = connection.create_connection(
  File "C:\AIHealthTranslator\venv310\lib\site-packages\urllib3\util\connection.py", line 60, in create_connection
    for res in socket.getaddrinfo(host, port, family, socket.SOCK_STREAM):
  File "C:\Users\LENOVO\AppData\Local\Programs\Python\Python310\lib\socket.py", line 955, in getaddrinfo
    for res in _socket.getaddrinfo(host, port, family, type, proto, flags):
socket.gaierror: [Errno 11001] getaddrinfo failed

The above exception was the direct cause of the following exception:

Traceback (most recent call last):
  File "C:\AIHealthTranslator\venv310\lib\site-packages\urllib3\connectionpool.py", line 787, in urlopen
    response = self._make_request(
  File "C:\AIHealthTranslator\venv310\lib\site-packages\urllib3\connectionpool.py", line 488, in _make_request
    raise new_e
  File "C:\AIHealthTranslator\venv310\lib\site-packages\urllib3\connectionpool.py", line 464, in _make_request
    self._validate_conn(conn)
  File "C:\AIHealthTranslator\venv310\lib\site-packages\urllib3\connectionpool.py", line 1093, in _validate_conn
    conn.connect()
  File "C:\AIHealthTranslator\venv310\lib\site-packages\urllib3\connection.py", line 753, in connect
    self.sock = sock = self._new_conn()
  File "C:\AIHealthTranslator\venv310\lib\site-packages\urllib3\connection.py", line 205, in _new_conn
    raise NameResolutionError(self.host, self, e) from e
urllib3.exceptions.NameResolutionError: <urllib3.connection.HTTPSConnection object at 0x000002717801F6A0>: Failed to resolve 'huggingface.co' ([Errno 11001] getaddrinfo failed)

The above exception was the direct cause of the following exception:

Traceback (most recent call last):
  File "C:\AIHealthTranslator\venv310\lib\site-packages\requests\adapters.py", line 644, in send
    resp = conn.urlopen(
  File "C:\AIHealthTranslator\venv310\lib\site-packages\urllib3\connectionpool.py", line 841, in urlopen
    retries = retries.increment(
  File "C:\AIHealthTranslator\venv310\lib\site-packages\urllib3\util\retry.py", line 519, in increment
    raise MaxRetryError(_pool, url, reason) from reason  # type: ignore[arg-type]
urllib3.exceptions.MaxRetryError: HTTPSConnectionPool(host='huggingface.co', port=443): Max retries exceeded with url: /Helsinki-NLP/opus-mt-en-sw/resolve/main/model.safetensors (Caused by NameResolutionError("<urllib3.connection.HTTPSConnection object at 0x000002717801F6A0>: Failed to resolve 'huggingface.co' ([Errno 11001] getaddrinfo failed)"))

During handling of the above exception, another exception occurred:

Traceback (most recent call last):
  File "C:\AIHealthTranslator\backend\app\main.py", line 122, in <module>
    kis_model = MarianMTModel.from_pretrained(KIS_MODEL_NAME)
  File "C:\AIHealthTranslator\venv310\lib\site-packages\transformers\modeling_utils.py", line 3415, in from_pretrained
    if not has_file(pretrained_model_name_or_path, safe_weights_name, **has_file_kwargs):
  File "C:\AIHealthTranslator\venv310\lib\site-packages\transformers\utils\hub.py", line 629, in has_file
    r = requests.head(url, headers=headers, allow_redirects=False, proxies=proxies, timeout=10)
  File "C:\AIHealthTranslator\venv310\lib\site-packages\requests\api.py", line 100, in head
    return request("head", url, **kwargs)
  File "C:\AIHealthTranslator\venv310\lib\site-packages\requests\api.py", line 59, in request
    return session.request(method=method, url=url, **kwargs)
  File "C:\AIHealthTranslator\venv310\lib\site-packages\requests\sessions.py", line 589, in request
    resp = self.send(prep, **send_kwargs)
  File "C:\AIHealthTranslator\venv310\lib\site-packages\requests\sessions.py", line 703, in send
    r = adapter.send(request, **kwargs)
  File "C:\AIHealthTranslator\venv310\lib\site-packages\requests\adapters.py", line 677, in send
    raise ConnectionError(e, request=request)
requests.exceptions.ConnectionError: HTTPSConnectionPool(host='huggingface.co', port=443): Max retries exceeded with url: /Helsinki-NLP/opus-mt-en-sw/resolve/main/model.safetensors (Caused by NameResolutionError("<urllib3.connection.HTTPSConnection object at 0x000002717801F6A0>: Failed to resolve 'huggingface.co' ([Errno 11001] getaddrinfo failed)"))
2025-11-09 21:12:19,846 - backend - INFO - Starting database initialization...
2025-11-09 21:12:19,888 - backend - INFO - Database initialization complete.
2025-11-09 21:12:24,508 - backend - INFO - Luo model and tokenizer loaded successfully.
2025-11-09 21:12:24,535 - huggingface_hub.utils._http - WARNING - '(MaxRetryError('HTTPSConnectionPool(host=\'huggingface.co\', port=443): Max retries exceeded with url: /Helsinki-NLP/opus-mt-en-sw/resolve/main/tokenizer_config.json (Caused by NameResolutionError("<urllib3.connection.HTTPSConnection object at 0x0000013B358C5480>: Failed to resolve \'huggingface.co\' ([Errno 11001] getaddrinfo failed)"))'), '(Request ID: 6d57f868-23de-43d0-ac9d-8ce1665ba875)')' thrown while requesting HEAD https://huggingface.co/Helsinki-NLP/opus-mt-en-sw/resolve/main/tokenizer_config.json
2025-11-09 21:12:24,540 - huggingface_hub.utils._http - WARNING - Retrying in 1s [Retry 1/5].
2025-11-09 21:12:25,561 - huggingface_hub.utils._http - WARNING - '(MaxRetryError('HTTPSConnectionPool(host=\'huggingface.co\', port=443): Max retries exceeded with url: /Helsinki-NLP/opus-mt-en-sw/resolve/main/tokenizer_config.json (Caused by NameResolutionError("<urllib3.connection.HTTPSConnection object at 0x0000013B358C58A0>: Failed to resolve \'huggingface.co\' ([Errno 11001] getaddrinfo failed)"))'), '(Request ID: 57f4a35c-86e6-4ee0-ab26-1511d4f08b14)')' thrown while requesting HEAD https://huggingface.co/Helsinki-NLP/opus-mt-en-sw/resolve/main/tokenizer_config.json
2025-11-09 21:12:25,565 - huggingface_hub.utils._http - WARNING - Retrying in 2s [Retry 2/5].
2025-11-09 21:12:27,584 - huggingface_hub.utils._http - WARNING - '(MaxRetryError('HTTPSConnectionPool(host=\'huggingface.co\', port=443): Max retries exceeded with url: /Helsinki-NLP/opus-mt-en-sw/resolve/main/tokenizer_config.json (Caused by NameResolutionError("<urllib3.connection.HTTPSConnection object at 0x0000013B358C5C00>: Failed to resolve \'huggingface.co\' ([Errno 11001] getaddrinfo failed)"))'), '(Request ID: 0dacda98-7fb8-492c-b781-26bdb82b8298)')' thrown while requesting HEAD https://huggingface.co/Helsinki-NLP/opus-mt-en-sw/resolve/main/tokenizer_config.json
2025-11-09 21:12:27,589 - huggingface_hub.utils._http - WARNING - Retrying in 4s [Retry 3/5].
2025-11-09 21:12:31,600 - huggingface_hub.utils._http - WARNING - '(MaxRetryError('HTTPSConnectionPool(host=\'huggingface.co\', port=443): Max retries exceeded with url: /Helsinki-NLP/opus-mt-en-sw/resolve/main/tokenizer_config.json (Caused by NameResolutionError("<urllib3.connection.HTTPSConnection object at 0x0000013B358C5F60>: Failed to resolve \'huggingface.co\' ([Errno 11001] getaddrinfo failed)"))'), '(Request ID: c9c16816-6016-4fcf-b252-029b3d29ebf1)')' thrown while requesting HEAD https://huggingface.co/Helsinki-NLP/opus-mt-en-sw/resolve/main/tokenizer_config.json
2025-11-09 21:12:31,605 - huggingface_hub.utils._http - WARNING - Retrying in 8s [Retry 4/5].
2025-11-09 21:12:39,623 - huggingface_hub.utils._http - WARNING - '(MaxRetryError('HTTPSConnectionPool(host=\'huggingface.co\', port=443): Max retries exceeded with url: /Helsinki-NLP/opus-mt-en-sw/resolve/main/tokenizer_config.json (Caused by NameResolutionError("<urllib3.connection.HTTPSConnection object at 0x0000013B358C5C90>: Failed to resolve \'huggingface.co\' ([Errno 11001] getaddrinfo failed)"))'), '(Request ID: 115e0c6f-a8ce-4f61-ada5-5b7db748c1ec)')' thrown while requesting HEAD https://huggingface.co/Helsinki-NLP/opus-mt-en-sw/resolve/main/tokenizer_config.json
2025-11-09 21:12:39,629 - huggingface_hub.utils._http - WARNING - Retrying in 8s [Retry 5/5].
2025-11-09 21:12:47,644 - huggingface_hub.utils._http - WARNING - '(MaxRetryError('HTTPSConnectionPool(host=\'huggingface.co\', port=443): Max retries exceeded with url: /Helsinki-NLP/opus-mt-en-sw/resolve/main/tokenizer_config.json (Caused by NameResolutionError("<urllib3.connection.HTTPSConnection object at 0x0000013B358C5930>: Failed to resolve \'huggingface.co\' ([Errno 11001] getaddrinfo failed)"))'), '(Request ID: 6cb6a375-73d9-447d-83e5-91a44a24361f)')' thrown while requesting HEAD https://huggingface.co/Helsinki-NLP/opus-mt-en-sw/resolve/main/tokenizer_config.json
2025-11-09 21:12:48,325 - huggingface_hub.utils._http - WARNING - '(MaxRetryError('HTTPSConnectionPool(host=\'huggingface.co\', port=443): Max retries exceeded with url: /Helsinki-NLP/opus-mt-en-sw/resolve/main/config.json (Caused by NameResolutionError("<urllib3.connection.HTTPSConnection object at 0x0000013B358C6230>: Failed to resolve \'huggingface.co\' ([Errno 11001] getaddrinfo failed)"))'), '(Request ID: 2c628f0c-8249-4dc5-900f-56340b3d84e5)')' thrown while requesting HEAD https://huggingface.co/Helsinki-NLP/opus-mt-en-sw/resolve/main/config.json
2025-11-09 21:12:48,328 - huggingface_hub.utils._http - WARNING - Retrying in 1s [Retry 1/5].
2025-11-09 21:12:49,345 - huggingface_hub.utils._http - WARNING - '(MaxRetryError('HTTPSConnectionPool(host=\'huggingface.co\', port=443): Max retries exceeded with url: /Helsinki-NLP/opus-mt-en-sw/resolve/main/config.json (Caused by NameResolutionError("<urllib3.connection.HTTPSConnection object at 0x0000013B358C6560>: Failed to resolve \'huggingface.co\' ([Errno 11001] getaddrinfo failed)"))'), '(Request ID: d7e1a773-6d09-4182-9706-00958b168fbf)')' thrown while requesting HEAD https://huggingface.co/Helsinki-NLP/opus-mt-en-sw/resolve/main/config.json
2025-11-09 21:12:49,346 - huggingface_hub.utils._http - WARNING - Retrying in 2s [Retry 2/5].
2025-11-09 21:12:51,368 - huggingface_hub.utils._http - WARNING - '(MaxRetryError('HTTPSConnectionPool(host=\'huggingface.co\', port=443): Max retries exceeded with url: /Helsinki-NLP/opus-mt-en-sw/resolve/main/config.json (Caused by NameResolutionError("<urllib3.connection.HTTPSConnection object at 0x0000013B358C6890>: Failed to resolve \'huggingface.co\' ([Errno 11001] getaddrinfo failed)"))'), '(Request ID: 11d2445c-b705-4d3d-8906-8a580f978567)')' thrown while requesting HEAD https://huggingface.co/Helsinki-NLP/opus-mt-en-sw/resolve/main/config.json
2025-11-09 21:12:51,372 - huggingface_hub.utils._http - WARNING - Retrying in 4s [Retry 3/5].
2025-11-09 21:12:55,381 - huggingface_hub.utils._http - WARNING - '(MaxRetryError('HTTPSConnectionPool(host=\'huggingface.co\', port=443): Max retries exceeded with url: /Helsinki-NLP/opus-mt-en-sw/resolve/main/config.json (Caused by NameResolutionError("<urllib3.connection.HTTPSConnection object at 0x0000013B358C6BF0>: Failed to resolve \'huggingface.co\' ([Errno 11001] getaddrinfo failed)"))'), '(Request ID: a17c5f97-ec9f-4c4a-98d1-5105748c9d48)')' thrown while requesting HEAD https://huggingface.co/Helsinki-NLP/opus-mt-en-sw/resolve/main/config.json
2025-11-09 21:12:55,385 - huggingface_hub.utils._http - WARNING - Retrying in 8s [Retry 4/5].
2025-11-09 21:13:03,391 - huggingface_hub.utils._http - WARNING - '(MaxRetryError('HTTPSConnectionPool(host=\'huggingface.co\', port=443): Max retries exceeded with url: /Helsinki-NLP/opus-mt-en-sw/resolve/main/config.json (Caused by NameResolutionError("<urllib3.connection.HTTPSConnection object at 0x0000013B358C6F50>: Failed to resolve \'huggingface.co\' ([Errno 11001] getaddrinfo failed)"))'), '(Request ID: ef7801e4-7cad-4861-b5b9-fd4e37e3a3e8)')' thrown while requesting HEAD https://huggingface.co/Helsinki-NLP/opus-mt-en-sw/resolve/main/config.json
2025-11-09 21:13:03,395 - huggingface_hub.utils._http - WARNING - Retrying in 8s [Retry 5/5].
2025-11-09 21:13:11,402 - huggingface_hub.utils._http - WARNING - '(MaxRetryError('HTTPSConnectionPool(host=\'huggingface.co\', port=443): Max retries exceeded with url: /Helsinki-NLP/opus-mt-en-sw/resolve/main/config.json (Caused by NameResolutionError("<urllib3.connection.HTTPSConnection object at 0x0000013B358C72B0>: Failed to resolve \'huggingface.co\' ([Errno 11001] getaddrinfo failed)"))'), '(Request ID: dd8ca09a-3d19-426d-a250-1d7ccc0c4355)')' thrown while requesting HEAD https://huggingface.co/Helsinki-NLP/opus-mt-en-sw/resolve/main/config.json
2025-11-09 21:13:11,413 - huggingface_hub.utils._http - WARNING - '(MaxRetryError('HTTPSConnectionPool(host=\'huggingface.co\', port=443): Max retries exceeded with url: /Helsinki-NLP/opus-mt-en-sw/resolve/main/config.json (Caused by NameResolutionError("<urllib3.connection.HTTPSConnection object at 0x0000013B358C6DA0>: Failed to resolve \'huggingface.co\' ([Errno 11001] getaddrinfo failed)"))'), '(Request ID: 127c951c-ff53-40a4-be7e-4e01aeb19870)')' thrown while requesting HEAD https://huggingface.co/Helsinki-NLP/opus-mt-en-sw/resolve/main/config.json
2025-11-09 21:13:11,420 - huggingface_hub.utils._http - WARNING - Retrying in 1s [Retry 1/5].
2025-11-09 21:13:12,431 - huggingface_hub.utils._http - WARNING - '(MaxRetryError('HTTPSConnectionPool(host=\'huggingface.co\', port=443): Max retries exceeded with url: /Helsinki-NLP/opus-mt-en-sw/resolve/main/config.json (Caused by NameResolutionError("<urllib3.connection.HTTPSConnection object at 0x0000013B358C6A40>: Failed to resolve \'huggingface.co\' ([Errno 11001] getaddrinfo failed)"))'), '(Request ID: 98e290ba-aa4a-4672-b933-0de9f67912f5)')' thrown while requesting HEAD https://huggingface.co/Helsinki-NLP/opus-mt-en-sw/resolve/main/config.json
2025-11-09 21:13:12,436 - huggingface_hub.utils._http - WARNING - Retrying in 2s [Retry 2/5].
2025-11-09 21:13:14,458 - huggingface_hub.utils._http - WARNING - '(MaxRetryError('HTTPSConnectionPool(host=\'huggingface.co\', port=443): Max retries exceeded with url: /Helsinki-NLP/opus-mt-en-sw/resolve/main/config.json (Caused by NameResolutionError("<urllib3.connection.HTTPSConnection object at 0x0000013B358C66E0>: Failed to resolve \'huggingface.co\' ([Errno 11001] getaddrinfo failed)"))'), '(Request ID: 7866a468-7a5e-4157-bdef-3b458b6b0476)')' thrown while requesting HEAD https://huggingface.co/Helsinki-NLP/opus-mt-en-sw/resolve/main/config.json
2025-11-09 21:13:14,460 - huggingface_hub.utils._http - WARNING - Retrying in 4s [Retry 3/5].
2025-11-09 21:13:18,481 - huggingface_hub.utils._http - WARNING - '(MaxRetryError('HTTPSConnectionPool(host=\'huggingface.co\', port=443): Max retries exceeded with url: /Helsinki-NLP/opus-mt-en-sw/resolve/main/config.json (Caused by NameResolutionError("<urllib3.connection.HTTPSConnection object at 0x0000013B358C63B0>: Failed to resolve \'huggingface.co\' ([Errno 11001] getaddrinfo failed)"))'), '(Request ID: 2c467404-9c6c-4a50-b677-f840bc68f672)')' thrown while requesting HEAD https://huggingface.co/Helsinki-NLP/opus-mt-en-sw/resolve/main/config.json
2025-11-09 21:13:18,486 - huggingface_hub.utils._http - WARNING - Retrying in 8s [Retry 4/5].
2025-11-09 21:13:26,503 - huggingface_hub.utils._http - WARNING - '(MaxRetryError('HTTPSConnectionPool(host=\'huggingface.co\', port=443): Max retries exceeded with url: /Helsinki-NLP/opus-mt-en-sw/resolve/main/config.json (Caused by NameResolutionError("<urllib3.connection.HTTPSConnection object at 0x0000013B358C6140>: Failed to resolve \'huggingface.co\' ([Errno 11001] getaddrinfo failed)"))'), '(Request ID: cd642f9e-5a4c-4478-8715-b32c6cc2d032)')' thrown while requesting HEAD https://huggingface.co/Helsinki-NLP/opus-mt-en-sw/resolve/main/config.json
2025-11-09 21:13:26,508 - huggingface_hub.utils._http - WARNING - Retrying in 8s [Retry 5/5].
2025-11-09 21:13:34,518 - huggingface_hub.utils._http - WARNING - '(MaxRetryError('HTTPSConnectionPool(host=\'huggingface.co\', port=443): Max retries exceeded with url: /Helsinki-NLP/opus-mt-en-sw/resolve/main/config.json (Caused by NameResolutionError("<urllib3.connection.HTTPSConnection object at 0x0000013B358C4400>: Failed to resolve \'huggingface.co\' ([Errno 11001] getaddrinfo failed)"))'), '(Request ID: 9152d74e-760a-4913-b466-182be5a7a993)')' thrown while requesting HEAD https://huggingface.co/Helsinki-NLP/opus-mt-en-sw/resolve/main/config.json
2025-11-09 21:13:34,551 - backend - ERROR - Failed to load Kiswahili model/tokenizer: HTTPSConnectionPool(host='huggingface.co', port=443): Max retries exceeded with url: /Helsinki-NLP/opus-mt-en-sw/resolve/main/model.safetensors (Caused by NameResolutionError("<urllib3.connection.HTTPSConnection object at 0x0000013B358C7970>: Failed to resolve 'huggingface.co' ([Errno 11001] getaddrinfo failed)"))
Traceback (most recent call last):
  File "C:\AIHealthTranslator\venv310\lib\site-packages\urllib3\connection.py", line 198, in _new_conn
    sock = connection.create_connection(
  File "C:\AIHealthTranslator\venv310\lib\site-packages\urllib3\util\connection.py", line 60, in create_connection
    for res in socket.getaddrinfo(host, port, family, socket.SOCK_STREAM):
  File "C:\Users\LENOVO\AppData\Local\Programs\Python\Python310\lib\socket.py", line 955, in getaddrinfo
    for res in _socket.getaddrinfo(host, port, family, type, proto, flags):
socket.gaierror: [Errno 11001] getaddrinfo failed

The above exception was the direct cause of the following exception:

Traceback (most recent call last):
  File "C:\AIHealthTranslator\venv310\lib\site-packages\urllib3\connectionpool.py", line 787, in urlopen
    response = self._make_request(
  File "C:\AIHealthTranslator\venv310\lib\site-packages\urllib3\connectionpool.py", line 488, in _make_request
    raise new_e
  File "C:\AIHealthTranslator\venv310\lib\site-packages\urllib3\connectionpool.py", line 464, in _make_request
    self._validate_conn(conn)
  File "C:\AIHealthTranslator\venv310\lib\site-packages\urllib3\connectionpool.py", line 1093, in _validate_conn
    conn.connect()
  File "C:\AIHealthTranslator\venv310\lib\site-packages\urllib3\connection.py", line 753, in connect
    self.sock = sock = self._new_conn()
  File "C:\AIHealthTranslator\venv310\lib\site-packages\urllib3\connection.py", line 205, in _new_conn
    raise NameResolutionError(self.host, self, e) from e
urllib3.exceptions.NameResolutionError: <urllib3.connection.HTTPSConnection object at 0x0000013B358C7970>: Failed to resolve 'huggingface.co' ([Errno 11001] getaddrinfo failed)

The above exception was the direct cause of the following exception:

Traceback (most recent call last):
  File "C:\AIHealthTranslator\venv310\lib\site-packages\requests\adapters.py", line 644, in send
    resp = conn.urlopen(
  File "C:\AIHealthTranslator\venv310\lib\site-packages\urllib3\connectionpool.py", line 841, in urlopen
    retries = retries.increment(
  File "C:\AIHealthTranslator\venv310\lib\site-packages\urllib3\util\retry.py", line 519, in increment
    raise MaxRetryError(_pool, url, reason) from reason  # type: ignore[arg-type]
urllib3.exceptions.MaxRetryError: HTTPSConnectionPool(host='huggingface.co', port=443): Max retries exceeded with url: /Helsinki-NLP/opus-mt-en-sw/resolve/main/model.safetensors (Caused by NameResolutionError("<urllib3.connection.HTTPSConnection object at 0x0000013B358C7970>: Failed to resolve 'huggingface.co' ([Errno 11001] getaddrinfo failed)"))

During handling of the above exception, another exception occurred:

Traceback (most recent call last):
  File "C:\AIHealthTranslator\backend\app\main.py", line 122, in <module>
    kis_model = MarianMTModel.from_pretrained(KIS_MODEL_NAME)
  File "C:\AIHealthTranslator\venv310\lib\site-packages\transformers\modeling_utils.py", line 3415, in from_pretrained
    if not has_file(pretrained_model_name_or_path, safe_weights_name, **has_file_kwargs):
  File "C:\AIHealthTranslator\venv310\lib\site-packages\transformers\utils\hub.py", line 629, in has_file
    r = requests.head(url, headers=headers, allow_redirects=False, proxies=proxies, timeout=10)
  File "C:\AIHealthTranslator\venv310\lib\site-packages\requests\api.py", line 100, in head
    return request("head", url, **kwargs)
  File "C:\AIHealthTranslator\venv310\lib\site-packages\requests\api.py", line 59, in request
    return session.request(method=method, url=url, **kwargs)
  File "C:\AIHealthTranslator\venv310\lib\site-packages\requests\sessions.py", line 589, in request
    resp = self.send(prep, **send_kwargs)
  File "C:\AIHealthTranslator\venv310\lib\site-packages\requests\sessions.py", line 703, in send
    r = adapter.send(request, **kwargs)
  File "C:\AIHealthTranslator\venv310\lib\site-packages\requests\adapters.py", line 677, in send
    raise ConnectionError(e, request=request)
requests.exceptions.ConnectionError: HTTPSConnectionPool(host='huggingface.co', port=443): Max retries exceeded with url: /Helsinki-NLP/opus-mt-en-sw/resolve/main/model.safetensors (Caused by NameResolutionError("<urllib3.connection.HTTPSConnection object at 0x0000013B358C7970>: Failed to resolve 'huggingface.co' ([Errno 11001] getaddrinfo failed)"))
2025-11-09 21:14:56,398 - backend - INFO - Starting database initialization...
2025-11-09 21:14:56,418 - backend - INFO - Database initialization complete.
2025-11-09 21:14:59,317 - backend - INFO - Luo model and tokenizer loaded successfully.
2025-11-09 21:15:05,688 - backend - INFO - Kiswahili model loaded successfully.
2025-11-09 21:16:56,430 - backend - INFO - [REQUEST] Incoming: POST http://localhost:8000/auth/login
2025-11-09 21:16:56,430 - auth - INFO - [LOGIN] Attempt for username: Joseph
2025-11-09 21:16:56,460 - auth - INFO - [LOGIN] DB query done in 0.030s
2025-11-09 21:16:57,493 - auth - INFO - [LOGIN] Password verified in 1.033s
2025-11-09 21:16:57,494 - auth - INFO - [LOGIN] Token created in 0.000s
2025-11-09 21:16:57,495 - auth - INFO - [LOGIN] Total login time: 1.065s
2025-11-09 21:16:57,501 - backend - INFO - [REQUEST] Completed with status 200
2025-11-09 21:17:42,558 - backend - INFO - [REQUEST] Incoming: POST http://localhost:8000/auth/login
2025-11-09 21:17:42,561 - auth - INFO - [LOGIN] Attempt for username: Chris
2025-11-09 21:17:42,574 - auth - INFO - [LOGIN] DB query done in 0.013s
2025-11-09 21:17:43,279 - auth - INFO - [LOGIN] Password verified in 0.702s
2025-11-09 21:17:43,279 - auth - INFO - [LOGIN] Token created in 0.000s
2025-11-09 21:17:43,279 - auth - INFO - [LOGIN] Total login time: 0.718s
2025-11-09 21:17:43,279 - backend - INFO - [REQUEST] Completed with status 200
2025-11-09 21:17:48,381 - backend - INFO - [REQUEST] Incoming: OPTIONS http://localhost:8000/auth/me
2025-11-09 21:17:48,382 - backend - INFO - [REQUEST] Completed with status 200
2025-11-09 21:17:48,388 - backend - INFO - [REQUEST] Incoming: GET http://localhost:8000/auth/me
2025-11-09 21:17:48,402 - auth - INFO - [ME] Current user fetched: Chris
2025-11-09 21:17:48,434 - backend - INFO - [REQUEST] Completed with status 200
2025-11-09 21:18:02,465 - backend - INFO - [REQUEST] Incoming: OPTIONS http://localhost:8000/translate/sw/medicine
2025-11-09 21:18:02,467 - backend - INFO - [REQUEST] Completed with status 200
2025-11-09 21:18:02,479 - backend - INFO - [REQUEST] Incoming: GET http://localhost:8000/translate/sw/medicine
2025-11-09 21:18:06,394 - backend - INFO - [TRANSLATION] Kiswahili: 'medicine' -> 'dawa'
2025-11-09 21:18:06,394 - backend - INFO - [REQUEST] Completed with status 200
2025-11-09 21:18:12,662 - backend - INFO - [REQUEST] Incoming: OPTIONS http://localhost:8000/translate/luo/medicine
2025-11-09 21:18:12,664 - backend - INFO - [REQUEST] Completed with status 200
2025-11-09 21:18:12,691 - backend - INFO - [REQUEST] Incoming: GET http://localhost:8000/translate/luo/medicine
2025-11-09 21:18:13,481 - backend - INFO - [TRANSLATION] Luo: 'medicine' -> 'Yath'
2025-11-09 21:18:13,481 - backend - INFO - [REQUEST] Completed with status 200
2025-11-17 21:53:27,310 - backend - INFO - Starting database initialization...
2025-11-17 21:53:27,358 - backend - INFO - Database initialization complete.
2025-11-17 21:53:33,406 - backend - INFO - Luo model and tokenizer loaded successfully.
2025-11-17 21:53:39,341 - backend - INFO - Kiswahili model loaded successfully.
2025-11-17 21:54:39,299 - backend - INFO - [REQUEST] Incoming: POST http://localhost:8000/auth/login
2025-11-17 21:54:39,311 - auth - INFO - [LOGIN] Attempt for username: Chris
2025-11-17 21:54:39,333 - auth - INFO - [LOGIN] DB query done in 0.022s
2025-11-17 21:54:40,790 - auth - INFO - [LOGIN] Password verified in 1.450s
2025-11-17 21:54:40,790 - auth - INFO - [LOGIN] Token created in 0.000s
2025-11-17 21:54:40,790 - auth - INFO - [LOGIN] Total login time: 1.479s
2025-11-17 21:54:40,807 - backend - INFO - [REQUEST] Completed with status 200
2025-11-17 21:54:45,892 - backend - INFO - [REQUEST] Incoming: OPTIONS http://localhost:8000/auth/me
2025-11-17 21:54:45,894 - backend - INFO - [REQUEST] Completed with status 200
2025-11-17 21:54:45,904 - backend - INFO - [REQUEST] Incoming: GET http://localhost:8000/auth/me
2025-11-17 21:54:45,905 - auth - INFO - [ME] Current user fetched: Chris
2025-11-17 21:54:45,941 - backend - INFO - [REQUEST] Completed with status 200
2025-11-17 21:55:02,729 - backend - INFO - [REQUEST] Incoming: OPTIONS http://localhost:8000/translate/luo/Medicine
2025-11-17 21:55:02,729 - backend - INFO - [REQUEST] Completed with status 200
2025-11-17 21:55:02,747 - backend - INFO - [REQUEST] Incoming: GET http://localhost:8000/translate/luo/Medicine
2025-11-17 21:55:07,686 - backend - INFO - [TRANSLATION] Luo: 'Medicine' -> 'Yath'
2025-11-17 21:55:07,686 - backend - INFO - [REQUEST] Completed with status 200
2025-11-17 21:55:16,888 - backend - INFO - [REQUEST] Incoming: OPTIONS http://localhost:8000/translate/sw/Medicine
2025-11-17 21:55:16,892 - backend - INFO - [REQUEST] Completed with status 200
2025-11-17 21:55:16,905 - backend - INFO - [REQUEST] Incoming: GET http://localhost:8000/translate/sw/Medicine
2025-11-17 21:55:17,220 - backend - INFO - [TRANSLATION] Kiswahili: 'Medicine' -> 'Dawa'
2025-11-17 21:55:17,220 - backend - INFO - [REQUEST] Completed with status 200
2025-11-18 08:18:54,223 - backend - INFO - [REQUEST] Incoming: OPTIONS http://localhost:8000/auth/me
2025-11-18 08:18:54,224 - backend - INFO - [REQUEST] Completed with status 200
2025-11-18 08:18:54,232 - backend - INFO - [REQUEST] Incoming: GET http://localhost:8000/auth/me
2025-11-18 08:18:54,248 - auth - INFO - [ME] Current user fetched: Chris
2025-11-18 08:18:54,267 - backend - INFO - [REQUEST] Completed with status 200
2025-11-18 08:19:13,283 - backend - INFO - [REQUEST] Incoming: OPTIONS http://localhost:8000/dictionary/Dawa
2025-11-18 08:19:13,283 - backend - INFO - [REQUEST] Completed with status 200
2025-11-18 08:19:13,286 - backend - INFO - [REQUEST] Incoming: GET http://localhost:8000/dictionary/Dawa
2025-11-18 08:19:13,293 - dictionary - INFO - Trying AI translation for: Dawa
2025-11-18 08:19:13,647 - dictionary - WARNING - AI translation failed: module 'app.routers.dictionary' has no attribute 'get_word_translation'
2025-11-18 08:19:13,648 - dictionary - INFO - Falling back to dictionary DB
2025-11-18 08:19:13,652 - backend - INFO - [REQUEST] Completed with status 404
2025-11-18 08:19:25,007 - backend - INFO - [REQUEST] Incoming: OPTIONS http://localhost:8000/dictionary/Hospital
2025-11-18 08:19:25,007 - backend - INFO - [REQUEST] Completed with status 200
2025-11-18 08:19:25,007 - backend - INFO - [REQUEST] Incoming: GET http://localhost:8000/dictionary/Hospital
2025-11-18 08:19:25,015 - dictionary - INFO - Trying AI translation for: Hospital
2025-11-18 08:19:25,043 - dictionary - WARNING - AI translation failed: module 'app.routers.dictionary' has no attribute 'get_word_translation'
2025-11-18 08:19:25,044 - dictionary - INFO - Falling back to dictionary DB
2025-11-18 08:19:25,047 - backend - INFO - [REQUEST] Completed with status 404
2025-11-18 10:31:36,864 - backend - INFO - Starting database initialization...
2025-11-18 10:31:36,906 - backend - INFO - Database initialization complete.
2025-11-18 10:31:40,593 - backend - INFO - Luo model and tokenizer loaded successfully.
2025-11-18 10:31:47,493 - backend - INFO - Kiswahili model loaded successfully.
2025-11-18 10:33:13,602 - backend - INFO - [REQUEST] Incoming: POST http://localhost:8000/auth/login
2025-11-18 10:33:13,657 - auth - INFO - [LOGIN] Attempt for username: Chris
2025-11-18 10:33:13,760 - auth - INFO - [LOGIN] DB query done in 0.104s
2025-11-18 10:33:14,388 - auth - INFO - [LOGIN] Password verified in 0.627s
2025-11-18 10:33:14,395 - auth - INFO - [LOGIN] Token created in 0.007s
2025-11-18 10:33:14,403 - auth - INFO - [LOGIN] Total login time: 0.746s
2025-11-18 10:33:14,409 - backend - INFO - [REQUEST] Completed with status 200
2025-11-18 10:33:17,603 - backend - INFO - [REQUEST] Incoming: OPTIONS http://localhost:8000/auth/me
2025-11-18 10:33:17,605 - backend - INFO - [REQUEST] Completed with status 200
2025-11-18 10:33:17,613 - backend - INFO - [REQUEST] Incoming: GET http://localhost:8000/auth/me
2025-11-18 10:33:17,644 - auth - INFO - [ME] Current user fetched: Chris
2025-11-18 10:33:17,770 - backend - INFO - [REQUEST] Completed with status 200
2025-11-18 10:34:13,070 - backend - INFO - [REQUEST] Incoming: POST http://localhost:8000/auth/login
2025-11-18 10:34:13,085 - auth - INFO - [LOGIN] Attempt for username: Chris
2025-11-18 10:34:13,091 - auth - INFO - [LOGIN] DB query done in 0.006s
2025-11-18 10:34:13,396 - auth - INFO - [LOGIN] Password verified in 0.303s
2025-11-18 10:34:13,396 - auth - INFO - [LOGIN] Token created in 0.000s
2025-11-18 10:34:13,396 - auth - INFO - [LOGIN] Total login time: 0.311s
2025-11-18 10:34:13,396 - backend - INFO - [REQUEST] Completed with status 200
2025-11-18 10:34:14,375 - backend - INFO - [REQUEST] Incoming: GET http://localhost:8000/auth/me
2025-11-18 10:34:14,385 - auth - INFO - [ME] Current user fetched: Chris
2025-11-18 10:34:14,391 - backend - INFO - [REQUEST] Completed with status 200
2025-11-18 10:34:31,149 - backend - INFO - [REQUEST] Incoming: OPTIONS http://localhost:8000/translate/luo/Medicine
2025-11-18 10:34:31,151 - backend - INFO - [REQUEST] Completed with status 200
2025-11-18 10:34:31,165 - backend - INFO - [REQUEST] Incoming: GET http://localhost:8000/translate/luo/Medicine
2025-11-18 10:34:34,169 - backend - INFO - [TRANSLATION] Luo: 'Medicine' -> 'Yath'
2025-11-18 10:34:34,171 - backend - INFO - [REQUEST] Completed with status 200
2025-11-18 13:10:21,799 - backend - INFO - [REQUEST] Incoming: OPTIONS http://localhost:8000/auth/me
2025-11-18 13:10:21,815 - backend - INFO - [REQUEST] Completed with status 200
2025-11-18 13:10:22,017 - backend - INFO - [REQUEST] Incoming: GET http://localhost:8000/auth/me
2025-11-18 13:10:22,146 - auth - INFO - [ME] Current user fetched: Chris
2025-11-18 13:10:22,162 - backend - INFO - [REQUEST] Completed with status 200
2025-11-19 17:09:16,312 - backend - INFO - [REQUEST] Incoming: GET http://localhost:8000/
2025-11-19 17:09:16,354 - backend - INFO - [ROOT] Root endpoint accessed
2025-11-19 17:09:16,380 - backend - INFO - [REQUEST] Completed with status 200
2025-11-19 17:09:19,366 - backend - INFO - [REQUEST] Incoming: GET http://localhost:8000/favicon.ico
2025-11-19 17:09:19,378 - backend - INFO - [REQUEST] Completed with status 404
2025-11-20 22:39:26,850 - backend - INFO - Starting database initialization...
2025-11-20 22:39:26,875 - backend - INFO - Database initialization complete.
2025-11-20 22:39:31,631 - backend - INFO - Luo model and tokenizer loaded successfully.
2025-11-20 22:39:40,994 - backend - INFO - Kiswahili model loaded successfully.
2025-11-20 22:40:46,319 - backend - INFO - [REQUEST] Incoming: POST http://localhost:8000/auth/login
2025-11-20 22:40:46,389 - auth - INFO - [LOGIN] Attempt for username: Chris
2025-11-20 22:40:46,520 - auth - INFO - [LOGIN] DB query done in 0.131s
2025-11-20 22:40:47,389 - auth - INFO - [LOGIN] Password verified in 0.869s
2025-11-20 22:40:47,406 - auth - INFO - [LOGIN] Token created in 0.000s
2025-11-20 22:40:47,406 - auth - INFO - [LOGIN] Total login time: 1.018s
2025-11-20 22:40:47,426 - backend - INFO - [REQUEST] Completed with status 200
2025-11-20 22:40:50,258 - backend - INFO - [REQUEST] Incoming: OPTIONS http://localhost:8000/auth/me
2025-11-20 22:40:50,259 - backend - INFO - [REQUEST] Completed with status 200
2025-11-20 22:40:50,275 - backend - INFO - [REQUEST] Incoming: GET http://localhost:8000/auth/me
2025-11-20 22:40:50,297 - auth - INFO - [ME] Current user fetched: Chris
2025-11-20 22:40:50,386 - backend - INFO - [REQUEST] Completed with status 200
2025-11-20 22:41:13,370 - backend - INFO - [REQUEST] Incoming: OPTIONS http://localhost:8000/translate/luo/medicine
2025-11-20 22:41:13,372 - backend - INFO - [REQUEST] Completed with status 200
2025-11-20 22:41:13,372 - backend - INFO - [REQUEST] Incoming: GET http://localhost:8000/translate/luo/medicine
2025-11-20 22:41:18,252 - backend - INFO - [TRANSLATION] Luo: 'medicine' -> 'Yath'
2025-11-20 22:41:18,253 - backend - INFO - [REQUEST] Completed with status 200
2025-12-07 12:42:23,495 - backend - INFO - Starting database initialization...
2025-12-07 12:42:23,527 - backend - INFO - Database initialization complete.
2025-12-07 12:42:27,707 - backend - INFO - Luo model and tokenizer loaded successfully.
2025-12-07 12:42:40,085 - backend - INFO - Kiswahili model loaded successfully.
2025-12-07 12:43:38,588 - backend - INFO - [REQUEST] Incoming: POST http://localhost:8000/auth/login
2025-12-07 12:43:38,627 - auth - INFO - [LOGIN] Attempt for username: Chris
2025-12-07 12:43:38,736 - auth - INFO - [LOGIN] DB query done in 0.109s
2025-12-07 12:43:39,247 - auth - INFO - [LOGIN] Password verified in 0.510s
2025-12-07 12:43:39,251 - auth - INFO - [LOGIN] Token created in 0.003s
2025-12-07 12:43:39,251 - auth - INFO - [LOGIN] Total login time: 0.625s
2025-12-07 12:43:39,262 - backend - INFO - [REQUEST] Completed with status 200
2025-12-07 12:43:40,991 - backend - INFO - [REQUEST] Incoming: OPTIONS http://localhost:8000/auth/me
2025-12-07 12:43:40,994 - backend - INFO - [REQUEST] Completed with status 200
2025-12-07 12:43:41,004 - backend - INFO - [REQUEST] Incoming: GET http://localhost:8000/auth/me
2025-12-07 12:43:41,018 - auth - INFO - [ME] Current user fetched: Chris
2025-12-07 12:43:41,087 - backend - INFO - [REQUEST] Completed with status 200
2025-12-07 12:43:54,926 - backend - INFO - [REQUEST] Incoming: OPTIONS http://localhost:8000/translate/luo/AIDS
2025-12-07 12:43:54,935 - backend - INFO - [REQUEST] Completed with status 200
2025-12-07 12:43:54,939 - backend - INFO - [REQUEST] Incoming: GET http://localhost:8000/translate/luo/AIDS
2025-12-07 12:44:00,321 - backend - INFO - [TRANSLATION] Luo: 'AIDS' -> 'UKIMWI'
2025-12-07 12:44:00,324 - backend - INFO - [REQUEST] Completed with status 200
2025-12-07 12:44:11,983 - backend - INFO - [REQUEST] Incoming: OPTIONS http://localhost:8000/translate/luo/Happy
2025-12-07 12:44:11,984 - backend - INFO - [REQUEST] Completed with status 200
2025-12-07 12:44:11,989 - backend - INFO - [REQUEST] Incoming: GET http://localhost:8000/translate/luo/Happy
2025-12-07 12:44:12,490 - backend - INFO - [TRANSLATION] Luo: 'Happy' -> 'Mwenye Furaha'
2025-12-07 12:44:12,491 - backend - INFO - [REQUEST] Completed with status 200
2025-12-07 12:44:18,569 - backend - INFO - [REQUEST] Incoming: OPTIONS http://localhost:8000/translate/sw/Happy
2025-12-07 12:44:18,570 - backend - INFO - [REQUEST] Completed with status 200
2025-12-07 12:44:18,575 - backend - INFO - [REQUEST] Incoming: GET http://localhost:8000/translate/sw/Happy
2025-12-07 12:44:18,874 - backend - INFO - [TRANSLATION] Kiswahili: 'Happy' -> 'Mwenye Furaha'
2025-12-07 12:44:18,875 - backend - INFO - [REQUEST] Completed with status 200
2025-12-07 13:02:38,570 - backend - INFO - [REQUEST] Incoming: OPTIONS http://localhost:8000/translate/luo/medicine
2025-12-07 13:02:38,626 - backend - INFO - [REQUEST] Completed with status 200
2025-12-07 13:02:38,675 - backend - INFO - [REQUEST] Incoming: GET http://localhost:8000/translate/luo/medicine
2025-12-07 13:02:42,075 - backend - INFO - [TRANSLATION] Luo: 'medicine' -> 'Yath'
2025-12-07 13:02:42,104 - backend - INFO - [REQUEST] Completed with status 200
2025-12-07 13:11:17,231 - backend - INFO - [REQUEST] Incoming: OPTIONS http://localhost:8000/auth/me
2025-12-07 13:11:17,245 - backend - INFO - [REQUEST] Completed with status 200
2025-12-07 13:11:17,256 - backend - INFO - [REQUEST] Incoming: GET http://localhost:8000/auth/me
2025-12-07 13:11:17,597 - auth - INFO - [ME] Current user fetched: Chris
2025-12-07 13:11:17,630 - backend - INFO - [REQUEST] Completed with status 200
2025-12-07 13:28:33,581 - backend - INFO - [REQUEST] Incoming: OPTIONS http://localhost:8000/auth/me
2025-12-07 13:28:33,585 - backend - INFO - [REQUEST] Completed with status 200
2025-12-07 13:28:33,598 - backend - INFO - [REQUEST] Incoming: GET http://localhost:8000/auth/me
2025-12-07 13:28:33,628 - auth - INFO - [ME] Current user fetched: Chris
2025-12-07 13:28:33,638 - backend - INFO - [REQUEST] Completed with status 200
2025-12-07 13:29:45,846 - backend - INFO - [REQUEST] Incoming: OPTIONS http://localhost:8000/translate/sw/Good
2025-12-07 13:29:45,853 - backend - INFO - [REQUEST] Completed with status 200
2025-12-07 13:29:45,868 - backend - INFO - [REQUEST] Incoming: GET http://localhost:8000/translate/sw/Good
2025-12-07 13:29:47,483 - backend - INFO - [TRANSLATION] Kiswahili: 'Good' -> 'Vizuri'
2025-12-07 13:29:47,485 - backend - INFO - [REQUEST] Completed with status 200
2025-12-07 13:30:15,084 - backend - INFO - [REQUEST] Incoming: OPTIONS http://localhost:8000/translate/luo/Good
2025-12-07 13:30:15,086 - backend - INFO - [REQUEST] Completed with status 200
2025-12-07 13:30:15,090 - backend - INFO - [REQUEST] Incoming: GET http://localhost:8000/translate/luo/Good
2025-12-07 13:30:17,321 - backend - INFO - [REQUEST] Completed with status 200
2025-12-07 13:30:47,918 - backend - INFO - [REQUEST] Incoming: POST http://localhost:8000/auth/login
2025-12-07 13:30:47,964 - auth - INFO - [LOGIN] Attempt for username: Chris
2025-12-07 13:30:47,968 - auth - INFO - [LOGIN] DB query done in 0.003s
2025-12-07 13:30:48,297 - auth - INFO - [LOGIN] Password verified in 0.328s
2025-12-07 13:30:48,301 - auth - INFO - [LOGIN] Token created in 0.004s
2025-12-07 13:30:48,302 - auth - INFO - [LOGIN] Total login time: 0.338s
2025-12-07 13:30:48,308 - backend - INFO - [REQUEST] Completed with status 200
2025-12-07 13:30:49,788 - backend - INFO - [REQUEST] Incoming: GET http://localhost:8000/auth/me
2025-12-07 13:30:49,800 - auth - INFO - [ME] Current user fetched: Chris
2025-12-07 13:30:49,805 - backend - INFO - [REQUEST] Completed with status 200
2025-12-07 13:32:30,649 - backend - INFO - [REQUEST] Incoming: POST http://localhost:8000/auth/login
2025-12-07 13:32:30,659 - auth - INFO - [LOGIN] Attempt for username: Chris
2025-12-07 13:32:30,667 - auth - INFO - [LOGIN] DB query done in 0.008s
2025-12-07 13:32:30,985 - auth - INFO - [LOGIN] Password verified in 0.317s
2025-12-07 13:32:30,986 - auth - INFO - [LOGIN] Token created in 0.000s
2025-12-07 13:32:30,987 - auth - INFO - [LOGIN] Total login time: 0.328s
2025-12-07 13:32:30,989 - backend - INFO - [REQUEST] Completed with status 200
2025-12-07 13:32:32,175 - backend - INFO - [REQUEST] Incoming: GET http://localhost:8000/auth/me
2025-12-07 13:32:32,185 - auth - INFO - [ME] Current user fetched: Chris
2025-12-07 13:32:32,195 - backend - INFO - [REQUEST] Completed with status 200
2025-12-07 13:33:49,819 - backend - INFO - [REQUEST] Incoming: GET http://localhost:8000/auth/me
2025-12-07 13:33:49,839 - auth - INFO - [ME] Current user fetched: Chris
2025-12-07 13:33:49,846 - backend - INFO - [REQUEST] Completed with status 200
2025-12-07 13:34:04,191 - backend - INFO - [REQUEST] Incoming: OPTIONS http://localhost:8000/translate/luo/Medicine
2025-12-07 13:34:04,202 - backend - INFO - [REQUEST] Completed with status 200
2025-12-07 13:34:04,218 - backend - INFO - [REQUEST] Incoming: GET http://localhost:8000/translate/luo/Medicine
2025-12-07 13:34:04,675 - backend - INFO - [TRANSLATION] Luo: 'Medicine' -> 'Yath'
2025-12-07 13:34:04,677 - backend - INFO - [REQUEST] Completed with status 200
2025-12-07 13:38:22,858 - backend - INFO - [REQUEST] Incoming: GET http://localhost:8000/auth/me
2025-12-07 13:38:22,881 - auth - INFO - [ME] Current user fetched: Chris
2025-12-07 13:38:22,895 - backend - INFO - [REQUEST] Completed with status 200
2025-12-07 13:38:52,839 - backend - INFO - [REQUEST] Incoming: OPTIONS http://localhost:8000/auth/me
2025-12-07 13:38:52,844 - backend - INFO - [REQUEST] Completed with status 200
2025-12-07 13:38:52,854 - backend - INFO - [REQUEST] Incoming: GET http://localhost:8000/auth/me
2025-12-07 13:38:52,862 - auth - INFO - [ME] Current user fetched: Chris
2025-12-07 13:38:52,866 - backend - INFO - [REQUEST] Completed with status 200
2025-12-07 13:40:30,905 - backend - INFO - [REQUEST] Incoming: OPTIONS http://localhost:8000/translate/sw/hospital
2025-12-07 13:40:30,908 - backend - INFO - [REQUEST] Completed with status 200
2025-12-07 13:40:30,919 - backend - INFO - [REQUEST] Incoming: GET http://localhost:8000/translate/sw/hospital
2025-12-07 13:40:31,214 - backend - INFO - [TRANSLATION] Kiswahili: 'hospital' -> 'hospitali'
2025-12-07 13:40:31,215 - backend - INFO - [REQUEST] Completed with status 200
2025-12-07 13:40:38,694 - backend - INFO - [REQUEST] Incoming: OPTIONS http://localhost:8000/translate/luo/hospital
2025-12-07 13:40:38,699 - backend - INFO - [REQUEST] Completed with status 200
2025-12-07 13:40:38,718 - backend - INFO - [REQUEST] Incoming: GET http://localhost:8000/translate/luo/hospital
2025-12-07 13:40:38,961 - backend - INFO - [TRANSLATION] Luo: 'hospital' -> 'Tuon'
2025-12-07 13:40:38,963 - backend - INFO - [REQUEST] Completed with status 200
2025-12-07 13:42:04,655 - backend - INFO - [REQUEST] Incoming: OPTIONS http://localhost:8000/dictionary/Medicine
2025-12-07 13:42:04,658 - backend - INFO - [REQUEST] Completed with status 200
2025-12-07 13:42:04,668 - backend - INFO - [REQUEST] Incoming: GET http://localhost:8000/dictionary/Medicine
2025-12-07 13:42:04,691 - dictionary - INFO - Trying AI translation for: Medicine
2025-12-07 13:42:04,775 - dictionary - WARNING - AI translation failed: module 'app.routers.dictionary' has no attribute 'get_word_translation'
2025-12-07 13:42:04,776 - dictionary - INFO - Falling back to dictionary DB
2025-12-07 13:42:04,792 - backend - INFO - [REQUEST] Completed with status 404
2025-12-07 13:43:24,381 - backend - INFO - [REQUEST] Incoming: GET http://localhost:8000/auth/me
2025-12-07 13:43:24,399 - auth - INFO - [ME] Current user fetched: Chris
2025-12-07 13:43:24,411 - backend - INFO - [REQUEST] Completed with status 200
2025-12-07 13:45:18,990 - backend - INFO - [REQUEST] Incoming: GET http://localhost:8000/auth/me
2025-12-07 13:45:19,001 - auth - INFO - [ME] Current user fetched: Chris
2025-12-07 13:45:19,009 - backend - INFO - [REQUEST] Completed with status 200
2025-12-07 13:45:29,119 - backend - INFO - [REQUEST] Incoming: GET http://localhost:8000/auth/me
2025-12-07 13:45:29,127 - auth - INFO - [ME] Current user fetched: Chris
2025-12-07 13:45:29,131 - backend - INFO - [REQUEST] Completed with status 200
2025-12-07 13:47:06,129 - backend - INFO - [REQUEST] Incoming: GET http://localhost:8000/auth/me
2025-12-07 13:47:06,150 - auth - INFO - [ME] Current user fetched: Chris
2025-12-07 13:47:06,159 - backend - INFO - [REQUEST] Completed with status 200
2025-12-07 13:47:21,217 - backend - INFO - [REQUEST] Incoming: POST http://localhost:8000/auth/login
2025-12-07 13:47:21,247 - auth - INFO - [LOGIN] Attempt for username: Chris
2025-12-07 13:47:21,252 - auth - INFO - [LOGIN] DB query done in 0.005s
2025-12-07 13:47:21,591 - auth - INFO - [LOGIN] Password verified in 0.337s
2025-12-07 13:47:21,592 - auth - INFO - [LOGIN] Token created in 0.000s
2025-12-07 13:47:21,593 - auth - INFO - [LOGIN] Total login time: 0.345s
2025-12-07 13:47:21,594 - backend - INFO - [REQUEST] Completed with status 200
2025-12-07 13:47:24,347 - backend - INFO - [REQUEST] Incoming: GET http://localhost:8000/auth/me
2025-12-07 13:47:24,353 - auth - INFO - [ME] Current user fetched: Chris
2025-12-07 13:47:24,359 - backend - INFO - [REQUEST] Completed with status 200
2025-12-07 13:54:28,124 - backend - INFO - [REQUEST] Incoming: OPTIONS http://localhost:8000/auth/me
2025-12-07 13:54:28,153 - backend - INFO - [REQUEST] Completed with status 200
2025-12-07 13:54:28,217 - backend - INFO - [REQUEST] Incoming: GET http://localhost:8000/auth/me
2025-12-07 13:54:28,227 - auth - INFO - [ME] Current user fetched: Chris
2025-12-07 13:54:28,233 - backend - INFO - [REQUEST] Completed with status 200
2025-12-07 14:01:19,483 - backend - INFO - [REQUEST] Incoming: OPTIONS http://localhost:8000/translate/luo/doctor
2025-12-07 14:01:19,488 - backend - INFO - [REQUEST] Completed with status 200
2025-12-07 14:01:19,502 - backend - INFO - [REQUEST] Incoming: GET http://localhost:8000/translate/luo/doctor
2025-12-07 14:01:19,797 - backend - INFO - [TRANSLATION] Luo: 'doctor' -> 'daktari'
2025-12-07 14:01:19,798 - backend - INFO - [REQUEST] Completed with status 200
2025-12-07 14:04:36,105 - backend - INFO - [REQUEST] Incoming: OPTIONS http://localhost:8000/translate/sw/Doctor
2025-12-07 14:04:36,107 - backend - INFO - [REQUEST] Completed with status 200
2025-12-07 14:04:36,118 - backend - INFO - [REQUEST] Incoming: GET http://localhost:8000/translate/sw/Doctor
2025-12-07 14:04:36,555 - backend - INFO - [TRANSLATION] Kiswahili: 'Doctor' -> 'Daktari'
2025-12-07 14:04:36,556 - backend - INFO - [REQUEST] Completed with status 200
2025-12-07 14:08:02,608 - backend - INFO - [REQUEST] Incoming: OPTIONS http://localhost:8000/translate/sw/patient
2025-12-07 14:08:02,611 - backend - INFO - [REQUEST] Completed with status 200
2025-12-07 14:08:02,625 - backend - INFO - [REQUEST] Incoming: GET http://localhost:8000/translate/sw/patient
2025-12-07 14:08:02,862 - backend - INFO - [TRANSLATION] Kiswahili: 'patient' -> 'subira'
2025-12-07 14:08:02,863 - backend - INFO - [REQUEST] Completed with status 200
2025-12-07 14:08:18,087 - backend - INFO - [REQUEST] Incoming: OPTIONS http://localhost:8000/translate/luo/patient
2025-12-07 14:08:18,091 - backend - INFO - [REQUEST] Completed with status 200
2025-12-07 14:08:18,106 - backend - INFO - [REQUEST] Incoming: GET http://localhost:8000/translate/luo/patient
2025-12-07 14:08:18,603 - backend - INFO - [TRANSLATION] Luo: 'patient' -> 'mwenye subira'
2025-12-07 14:08:18,604 - backend - INFO - [REQUEST] Completed with status 200
2025-12-07 14:09:55,499 - backend - INFO - [REQUEST] Incoming: GET http://localhost:8000/translate/sw/Doctor
2025-12-07 14:09:55,976 - backend - INFO - [TRANSLATION] Kiswahili: 'Doctor' -> 'Daktari'
2025-12-07 14:09:55,977 - backend - INFO - [REQUEST] Completed with status 200
2025-12-07 14:11:38,440 - backend - INFO - [REQUEST] Incoming: OPTIONS http://localhost:8000/auth/me
2025-12-07 14:11:38,443 - backend - INFO - [REQUEST] Completed with status 200
2025-12-07 14:11:38,457 - backend - INFO - [REQUEST] Incoming: GET http://localhost:8000/auth/me
2025-12-07 14:11:38,493 - auth - INFO - [ME] Current user fetched: Chris
2025-12-07 14:11:38,498 - backend - INFO - [REQUEST] Completed with status 200
2025-12-07 14:23:15,115 - backend - INFO - [REQUEST] Incoming: OPTIONS http://localhost:8000/auth/me
2025-12-07 14:23:15,118 - backend - INFO - [REQUEST] Completed with status 200
2025-12-07 14:23:15,134 - backend - INFO - [REQUEST] Incoming: GET http://localhost:8000/auth/me
2025-12-07 14:23:15,156 - auth - INFO - [ME] Current user fetched: Chris
2025-12-07 14:23:15,166 - backend - INFO - [REQUEST] Completed with status 200
2025-12-07 14:24:08,434 - backend - INFO - [REQUEST] Incoming: OPTIONS http://localhost:8000/translate/luo/Cholera
2025-12-07 14:24:08,440 - backend - INFO - [REQUEST] Completed with status 200
2025-12-07 14:24:08,450 - backend - INFO - [REQUEST] Incoming: GET http://localhost:8000/translate/luo/Cholera
2025-12-07 14:24:08,733 - backend - INFO - [TRANSLATION] Luo: 'Cholera' -> 'Lakra'
2025-12-07 14:24:08,734 - backend - INFO - [REQUEST] Completed with status 200
2025-12-07 21:32:11,876 - backend - INFO - [REQUEST] Incoming: OPTIONS http://localhost:8000/auth/me
2025-12-07 21:32:11,876 - backend - INFO - [REQUEST] Completed with status 200
2025-12-07 21:32:11,880 - backend - INFO - [REQUEST] Incoming: OPTIONS http://localhost:8000/auth/me
2025-12-07 21:32:11,881 - backend - INFO - [REQUEST] Completed with status 200
2025-12-07 21:32:11,885 - backend - INFO - [REQUEST] Incoming: GET http://localhost:8000/auth/me
2025-12-07 21:32:11,893 - auth - INFO - [ME] Current user fetched: Chris
2025-12-07 21:32:11,897 - backend - INFO - [REQUEST] Completed with status 200
2025-12-07 21:32:11,930 - backend - INFO - [REQUEST] Incoming: GET http://localhost:8000/auth/me
2025-12-07 21:32:11,939 - auth - INFO - [ME] Current user fetched: Chris
2025-12-07 21:32:11,948 - backend - INFO - [REQUEST] Completed with status 200
2025-12-07 21:32:27,696 - backend - INFO - [REQUEST] Incoming: POST http://localhost:8000/auth/login
2025-12-07 21:32:27,712 - auth - INFO - [LOGIN] Attempt for username: Chris
2025-12-07 21:32:27,715 - auth - INFO - [LOGIN] DB query done in 0.003s
2025-12-07 21:32:28,070 - auth - INFO - [LOGIN] Password verified in 0.354s
2025-12-07 21:32:28,071 - auth - INFO - [LOGIN] Token created in 0.001s
2025-12-07 21:32:28,072 - auth - INFO - [LOGIN] Total login time: 0.360s
2025-12-07 21:32:28,074 - backend - INFO - [REQUEST] Completed with status 200
2025-12-07 21:32:31,595 - backend - INFO - [REQUEST] Incoming: GET http://localhost:8000/auth/me
2025-12-07 21:32:31,604 - auth - INFO - [ME] Current user fetched: Chris
2025-12-07 21:32:31,612 - backend - INFO - [REQUEST] Completed with status 200
2025-12-07 22:10:23,868 - backend - INFO - [REQUEST] Incoming: POST http://localhost:8000/auth/login
2025-12-07 22:10:23,892 - auth - INFO - [LOGIN] Attempt for username: Chris
2025-12-07 22:10:23,918 - auth - INFO - [LOGIN] DB query done in 0.026s
2025-12-07 22:10:24,231 - auth - INFO - [LOGIN] Password verified in 0.312s
2025-12-07 22:10:24,232 - auth - INFO - [LOGIN] Token created in 0.001s
2025-12-07 22:10:24,233 - auth - INFO - [LOGIN] Total login time: 0.341s
2025-12-07 22:10:24,236 - backend - INFO - [REQUEST] Completed with status 200
2025-12-07 22:10:25,186 - backend - INFO - [REQUEST] Incoming: OPTIONS http://localhost:8000/auth/me
2025-12-07 22:10:25,188 - backend - INFO - [REQUEST] Completed with status 200
2025-12-07 22:10:25,204 - backend - INFO - [REQUEST] Incoming: GET http://localhost:8000/auth/me
2025-12-07 22:10:25,217 - auth - INFO - [ME] Current user fetched: Chris
2025-12-07 22:10:25,223 - backend - INFO - [REQUEST] Completed with status 200
2025-12-07 22:10:42,374 - backend - INFO - [REQUEST] Incoming: OPTIONS http://localhost:8000/translate/sw/panadol
2025-12-07 22:10:42,389 - backend - INFO - [REQUEST] Completed with status 200
2025-12-07 22:10:42,406 - backend - INFO - [REQUEST] Incoming: GET http://localhost:8000/translate/sw/panadol
2025-12-07 22:10:44,004 - backend - INFO - [TRANSLATION] Kiswahili: 'panadol' -> 'panadol'
2025-12-07 22:10:44,005 - backend - INFO - [REQUEST] Completed with status 200
2025-12-07 22:16:01,959 - backend - INFO - Starting database initialization...
2025-12-07 22:16:01,983 - backend - INFO - Database initialization complete.
2025-12-07 22:16:06,032 - backend - INFO - Luo model and tokenizer loaded successfully.
2025-12-07 22:16:13,369 - backend - INFO - Kiswahili model loaded successfully.
2025-12-07 22:16:35,830 - backend - INFO - [REQUEST] Incoming: OPTIONS http://localhost:8000/translate/sw/Drug
2025-12-07 22:16:35,836 - backend - INFO - [REQUEST] Completed with status 200
2025-12-07 22:16:35,847 - backend - INFO - [REQUEST] Incoming: GET http://localhost:8000/translate/sw/Drug
2025-12-07 22:16:36,510 - backend - INFO - [TRANSLATION] Kiswahili: 'Drug' -> 'Dawa'
2025-12-07 22:16:36,512 - backend - INFO - [REQUEST] Completed with status 200
2025-12-07 22:16:42,266 - backend - INFO - [REQUEST] Incoming: OPTIONS http://localhost:8000/translate/luo/Drug
2025-12-07 22:16:42,269 - backend - INFO - [REQUEST] Completed with status 200
2025-12-07 22:16:42,277 - backend - INFO - [REQUEST] Incoming: GET http://localhost:8000/translate/luo/Drug
2025-12-07 22:16:43,778 - backend - INFO - [TRANSLATION] Luo: 'Drug' -> 'Yath'
2025-12-07 22:16:43,779 - backend - INFO - [REQUEST] Completed with status 200
2025-12-07 22:16:59,168 - backend - INFO - [REQUEST] Incoming: OPTIONS http://localhost:8000/translate/luo/Sick person
2025-12-07 22:16:59,171 - backend - INFO - [REQUEST] Completed with status 200
2025-12-07 22:16:59,189 - backend - INFO - [REQUEST] Incoming: GET http://localhost:8000/translate/luo/Sick person
2025-12-07 22:16:59,581 - backend - INFO - [TRANSLATION] Luo: 'Sick person' -> 'Mtu mgonjwa'
2025-12-07 22:16:59,582 - backend - INFO - [REQUEST] Completed with status 200
2025-12-07 22:17:06,525 - backend - INFO - [REQUEST] Incoming: OPTIONS http://localhost:8000/translate/sw/Sick person
2025-12-07 22:17:06,531 - backend - INFO - [REQUEST] Completed with status 200
2025-12-07 22:17:06,548 - backend - INFO - [REQUEST] Incoming: GET http://localhost:8000/translate/sw/Sick person
2025-12-07 22:17:06,829 - backend - INFO - [TRANSLATION] Kiswahili: 'Sick person' -> 'Mgonjwa'
2025-12-07 22:17:06,830 - backend - INFO - [REQUEST] Completed with status 200
2025-12-07 22:44:27,280 - backend - INFO - Starting database initialization...
2025-12-07 22:44:27,307 - backend - INFO - Database initialization complete.
2025-12-07 22:44:31,056 - backend - INFO - Luo model and tokenizer loaded successfully.
2025-12-07 22:44:36,691 - backend - INFO - Kiswahili model loaded successfully.
2025-12-07 22:45:15,998 - backend - INFO - [REQUEST] Incoming: POST http://localhost:8000/auth/login
2025-12-07 22:45:16,052 - auth - INFO - [LOGIN] Attempt for username: Chris
2025-12-07 22:45:16,091 - auth - INFO - [LOGIN] DB query done in 0.039s
2025-12-07 22:45:16,405 - auth - INFO - [LOGIN] Password verified in 0.313s
2025-12-07 22:45:16,408 - auth - INFO - [LOGIN] Token created in 0.002s
2025-12-07 22:45:16,409 - auth - INFO - [LOGIN] Total login time: 0.357s
2025-12-07 22:45:16,418 - backend - INFO - [REQUEST] Completed with status 200
2025-12-07 22:45:17,523 - backend - INFO - [REQUEST] Incoming: OPTIONS http://localhost:8000/auth/me
2025-12-07 22:45:17,530 - backend - INFO - [REQUEST] Completed with status 200
2025-12-07 22:45:17,571 - backend - INFO - [REQUEST] Incoming: GET http://localhost:8000/auth/me
2025-12-07 22:45:17,583 - auth - INFO - [ME] Current user fetched: Chris
2025-12-07 22:45:17,596 - backend - INFO - [REQUEST] Completed with status 200
2025-12-07 22:48:06,799 - backend - INFO - Starting database initialization...
2025-12-07 22:48:06,828 - backend - INFO - Database initialization complete.
2025-12-07 22:48:10,764 - backend - INFO - Luo model and tokenizer loaded successfully.
2025-12-07 22:48:19,869 - backend - INFO - Kiswahili model loaded successfully.
2025-12-07 22:53:27,294 - backend - INFO - Starting database initialization...
2025-12-07 22:53:27,313 - backend - INFO - Database initialization complete.
2025-12-07 22:53:31,042 - backend - INFO - Luo model and tokenizer loaded successfully.
2025-12-07 22:53:37,328 - backend - INFO - Kiswahili model loaded successfully.
